headline_text,sentiment_label,alpha_signal_score
Quarterly profit surges 45% beat Wall Street analyst expectations significantly,Bullish,1.924
Quarterly profit surges 45% beat Wall Street analyst expectations significantly,Bullish,1.765
Quarterly profit surges 45% beat Wall Street analyst expectations significantly,Bullish,1.962
Quarterly profit surges 45% beat Wall Street analyst expectations significantly,Bullish,2.181
Quarterly profit surges 45% beat Wall Street analyst expectations significantly,Bullish,1.741
Quarterly profit surges 45% beat Wall Street analyst expectations significantly,Bullish,1.741
Quarterly profit surges 45% beat Wall Street analyst expectations significantly,Bullish,2.195
Quarterly profit surges 45% beat Wall Street analyst expectations significantly,Bullish,1.992
Quarterly profit surges 45% beat Wall Street analyst expectations significantly,Bullish,1.683
Quarterly profit surges 45% beat Wall Street analyst expectations significantly,Bullish,1.936
Quarterly profit surges 45% beat Wall Street analyst expectations significantly,Bullish,1.684
Quarterly profit surges 45% beat Wall Street analyst expectations significantly,Bullish,1.684
Quarterly profit surges 45% beat Wall Street analyst expectations significantly,Bullish,1.86
Quarterly profit surges 45% beat Wall Street analyst expectations significantly,Bullish,1.322
Quarterly profit surges 45% beat Wall Street analyst expectations significantly,Bullish,1.369
Quarterly profit surges 45% beat Wall Street analyst expectations significantly,Bullish,1.659
Quarterly profit surges 45% beat Wall Street analyst expectations significantly,Bullish,1.547
Quarterly profit surges 45% beat Wall Street analyst expectations significantly,Bullish,1.879
Quarterly profit surges 45% beat Wall Street analyst expectations significantly,Bullish,1.573
Quarterly profit surges 45% beat Wall Street analyst expectations significantly,Bullish,1.447
Quarterly profit surges 45% beat Wall Street analyst expectations significantly,Bullish,2.166
Quarterly profit surges 45% beat Wall Street analyst expectations significantly,Bullish,1.744
Quarterly profit surges 45% beat Wall Street analyst expectations significantly,Bullish,1.817
Quarterly profit surges 45% beat Wall Street analyst expectations significantly,Bullish,1.444
Quarterly profit surges 45% beat Wall Street analyst expectations significantly,Bullish,1.664
Quarterly profit surges 45% beat Wall Street analyst expectations significantly,Bullish,1.828
Quarterly profit surges 45% beat Wall Street analyst expectations significantly,Bullish,1.512
Quarterly profit surges 45% beat Wall Street analyst expectations significantly,Bullish,1.894
Quarterly profit surges 45% beat Wall Street analyst expectations significantly,Bullish,1.65
Quarterly profit surges 45% beat Wall Street analyst expectations significantly,Bullish,1.727
Quarterly profit surges 45% beat Wall Street analyst expectations significantly,Bullish,1.65
Quarterly profit surges 45% beat Wall Street analyst expectations significantly,Bullish,2.263
Quarterly profit surges 45% beat Wall Street analyst expectations significantly,Bullish,1.797
Quarterly profit surges 45% beat Wall Street analyst expectations significantly,Bullish,1.536
Quarterly profit surges 45% beat Wall Street analyst expectations significantly,Bullish,2.006
Quarterly profit surges 45% beat Wall Street analyst expectations significantly,Bullish,1.495
Quarterly profit surges 45% beat Wall Street analyst expectations significantly,Bullish,1.852
Quarterly profit surges 45% beat Wall Street analyst expectations significantly,Bullish,1.31
Quarterly profit surges 45% beat Wall Street analyst expectations significantly,Bullish,1.468
Quarterly profit surges 45% beat Wall Street analyst expectations significantly,Bullish,1.849
Quarterly profit surges 45% beat Wall Street analyst expectations significantly,Bullish,1.985
Quarterly profit surges 45% beat Wall Street analyst expectations significantly,Bullish,1.843
Quarterly profit surges 45% beat Wall Street analyst expectations significantly,Bullish,1.771
Quarterly profit surges 45% beat Wall Street analyst expectations significantly,Bullish,1.725
Quarterly profit surges 45% beat Wall Street analyst expectations significantly,Bullish,1.43
Quarterly profit surges 45% beat Wall Street analyst expectations significantly,Bullish,1.62
Quarterly profit surges 45% beat Wall Street analyst expectations significantly,Bullish,1.685
Quarterly profit surges 45% beat Wall Street analyst expectations significantly,Bullish,2.064
Quarterly profit surges 45% beat Wall Street analyst expectations significantly,Bullish,1.886
Quarterly profit surges 45% beat Wall Street analyst expectations significantly,Bullish,1.359
Quarterly profit surges 45% beat Wall Street analyst expectations significantly,Bullish,1.881
Quarterly profit surges 45% beat Wall Street analyst expectations significantly,Bullish,1.704
Quarterly profit surges 45% beat Wall Street analyst expectations significantly,Bullish,1.631
Quarterly profit surges 45% beat Wall Street analyst expectations significantly,Bullish,1.953
Quarterly profit surges 45% beat Wall Street analyst expectations significantly,Bullish,2.058
Quarterly profit surges 45% beat Wall Street analyst expectations significantly,Bullish,2.033
Quarterly profit surges 45% beat Wall Street analyst expectations significantly,Bullish,1.59
Quarterly profit surges 45% beat Wall Street analyst expectations significantly,Bullish,1.723
Quarterly profit surges 45% beat Wall Street analyst expectations significantly,Bullish,1.883
Quarterly profit surges 45% beat Wall Street analyst expectations significantly,Bullish,2.044
Quarterly profit surges 45% beat Wall Street analyst expectations significantly,Bullish,1.68
Quarterly profit surges 45% beat Wall Street analyst expectations significantly,Bullish,1.754
Quarterly profit surges 45% beat Wall Street analyst expectations significantly,Bullish,1.523
Quarterly profit surges 45% beat Wall Street analyst expectations significantly,Bullish,1.501
Quarterly profit surges 45% beat Wall Street analyst expectations significantly,Bullish,2.003
Quarterly profit surges 45% beat Wall Street analyst expectations significantly,Bullish,2.139
Quarterly profit surges 45% beat Wall Street analyst expectations significantly,Bullish,1.782
Quarterly profit surges 45% beat Wall Street analyst expectations significantly,Bullish,2.051
Quarterly profit surges 45% beat Wall Street analyst expectations significantly,Bullish,1.89
Quarterly profit surges 45% beat Wall Street analyst expectations significantly,Bullish,1.639
Quarterly profit surges 45% beat Wall Street analyst expectations significantly,Bullish,1.89
Quarterly profit surges 45% beat Wall Street analyst expectations significantly,Bullish,2.185
Quarterly profit surges 45% beat Wall Street analyst expectations significantly,Bullish,1.791
Quarterly profit surges 45% beat Wall Street analyst expectations significantly,Bullish,2.191
Quarterly profit surges 45% beat Wall Street analyst expectations significantly,Bullish,1.145
Quarterly profit surges 45% beat Wall Street analyst expectations significantly,Bullish,2.005
Quarterly profit surges 45% beat Wall Street analyst expectations significantly,Bullish,1.822
Quarterly profit surges 45% beat Wall Street analyst expectations significantly,Bullish,1.725
Quarterly profit surges 45% beat Wall Street analyst expectations significantly,Bullish,1.823
Quarterly profit surges 45% beat Wall Street analyst expectations significantly,Bullish,1.303
Quarterly profit surges 45% beat Wall Street analyst expectations significantly,Bullish,1.745
Quarterly profit surges 45% beat Wall Street analyst expectations significantly,Bullish,1.889
Quarterly profit surges 45% beat Wall Street analyst expectations significantly,Bullish,2.169
Quarterly profit surges 45% beat Wall Street analyst expectations significantly,Bullish,1.67
Quarterly profit surges 45% beat Wall Street analyst expectations significantly,Bullish,1.598
Quarterly profit surges 45% beat Wall Street analyst expectations significantly,Bullish,1.675
Quarterly profit surges 45% beat Wall Street analyst expectations significantly,Bullish,2.029
Quarterly profit surges 45% beat Wall Street analyst expectations significantly,Bullish,1.882
Quarterly profit surges 45% beat Wall Street analyst expectations significantly,Bullish,1.668
Quarterly profit surges 45% beat Wall Street analyst expectations significantly,Bullish,1.928
Quarterly profit surges 45% beat Wall Street analyst expectations significantly,Bullish,1.824
Quarterly profit surges 45% beat Wall Street analyst expectations significantly,Bullish,2.042
Quarterly profit surges 45% beat Wall Street analyst expectations significantly,Bullish,1.624
Quarterly profit surges 45% beat Wall Street analyst expectations significantly,Bullish,1.718
Quarterly profit surges 45% beat Wall Street analyst expectations significantly,Bullish,1.702
Quarterly profit surges 45% beat Wall Street analyst expectations significantly,Bullish,1.434
Quarterly profit surges 45% beat Wall Street analyst expectations significantly,Bullish,1.874
Quarterly profit surges 45% beat Wall Street analyst expectations significantly,Bullish,1.865
Quarterly profit surges 45% beat Wall Street analyst expectations significantly,Bullish,1.801
Quarterly profit surges 45% beat Wall Street analyst expectations significantly,Bullish,1.741
Quarterly profit surges 45% beat Wall Street analyst expectations significantly,Bullish,1.446
Quarterly profit surges 45% beat Wall Street analyst expectations significantly,Bullish,1.695
Quarterly profit surges 45% beat Wall Street analyst expectations significantly,Bullish,1.714
Quarterly profit surges 45% beat Wall Street analyst expectations significantly,Bullish,1.599
Quarterly profit surges 45% beat Wall Street analyst expectations significantly,Bullish,1.76
Quarterly profit surges 45% beat Wall Street analyst expectations significantly,Bullish,1.901
Quarterly profit surges 45% beat Wall Street analyst expectations significantly,Bullish,2.272
Quarterly profit surges 45% beat Wall Street analyst expectations significantly,Bullish,1.844
Quarterly profit surges 45% beat Wall Street analyst expectations significantly,Bullish,1.864
Quarterly profit surges 45% beat Wall Street analyst expectations significantly,Bullish,1.781
Quarterly profit surges 45% beat Wall Street analyst expectations significantly,Bullish,1.32
Quarterly profit surges 45% beat Wall Street analyst expectations significantly,Bullish,1.793
Quarterly profit surges 45% beat Wall Street analyst expectations significantly,Bullish,1.815
Quarterly profit surges 45% beat Wall Street analyst expectations significantly,Bullish,2.416
Quarterly profit surges 45% beat Wall Street analyst expectations significantly,Bullish,1.752
Quarterly profit surges 45% beat Wall Street analyst expectations significantly,Bullish,1.875
Quarterly profit surges 45% beat Wall Street analyst expectations significantly,Bullish,1.791
Quarterly profit surges 45% beat Wall Street analyst expectations significantly,Bullish,1.508
Quarterly profit surges 45% beat Wall Street analyst expectations significantly,Bullish,2.086
Quarterly profit surges 45% beat Wall Street analyst expectations significantly,Bullish,1.988
Federal Reserve indicates imminent rate cuts amid softening inflation data,Bullish,1.698
Federal Reserve indicates imminent rate cuts amid softening inflation data,Bullish,1.273
Federal Reserve indicates imminent rate cuts amid softening inflation data,Bullish,1.851
Federal Reserve indicates imminent rate cuts amid softening inflation data,Bullish,1.15
Federal Reserve indicates imminent rate cuts amid softening inflation data,Bullish,1.647
Federal Reserve indicates imminent rate cuts amid softening inflation data,Bullish,2.048
Federal Reserve indicates imminent rate cuts amid softening inflation data,Bullish,1.252
Federal Reserve indicates imminent rate cuts amid softening inflation data,Bullish,1.358
Federal Reserve indicates imminent rate cuts amid softening inflation data,Bullish,1.525
Federal Reserve indicates imminent rate cuts amid softening inflation data,Bullish,1.374
Federal Reserve indicates imminent rate cuts amid softening inflation data,Bullish,1.112
Federal Reserve indicates imminent rate cuts amid softening inflation data,Bullish,1.517
Federal Reserve indicates imminent rate cuts amid softening inflation data,Bullish,1.234
Federal Reserve indicates imminent rate cuts amid softening inflation data,Bullish,1.618
Federal Reserve indicates imminent rate cuts amid softening inflation data,Bullish,1.27
Federal Reserve indicates imminent rate cuts amid softening inflation data,Bullish,1.887
Federal Reserve indicates imminent rate cuts amid softening inflation data,Bullish,1.304
Federal Reserve indicates imminent rate cuts amid softening inflation data,Bullish,1.419
Federal Reserve indicates imminent rate cuts amid softening inflation data,Bullish,1.703
Federal Reserve indicates imminent rate cuts amid softening inflation data,Bullish,1.192
Federal Reserve indicates imminent rate cuts amid softening inflation data,Bullish,1.557
Federal Reserve indicates imminent rate cuts amid softening inflation data,Bullish,1.827
Federal Reserve indicates imminent rate cuts amid softening inflation data,Bullish,1.098
Federal Reserve indicates imminent rate cuts amid softening inflation data,Bullish,1.546
Federal Reserve indicates imminent rate cuts amid softening inflation data,Bullish,1.565
Federal Reserve indicates imminent rate cuts amid softening inflation data,Bullish,1.695
Federal Reserve indicates imminent rate cuts amid softening inflation data,Bullish,1.191
Federal Reserve indicates imminent rate cuts amid softening inflation data,Bullish,1.17
Federal Reserve indicates imminent rate cuts amid softening inflation data,Bullish,1.63
Federal Reserve indicates imminent rate cuts amid softening inflation data,Bullish,1.574
Federal Reserve indicates imminent rate cuts amid softening inflation data,Bullish,1.563
Federal Reserve indicates imminent rate cuts amid softening inflation data,Bullish,1.587
Federal Reserve indicates imminent rate cuts amid softening inflation data,Bullish,1.33
Federal Reserve indicates imminent rate cuts amid softening inflation data,Bullish,1.558
Federal Reserve indicates imminent rate cuts amid softening inflation data,Bullish,1.573
Federal Reserve indicates imminent rate cuts amid softening inflation data,Bullish,1.321
Federal Reserve indicates imminent rate cuts amid softening inflation data,Bullish,1.966
Federal Reserve indicates imminent rate cuts amid softening inflation data,Bullish,1.618
Federal Reserve indicates imminent rate cuts amid softening inflation data,Bullish,1.202
Federal Reserve indicates imminent rate cuts amid softening inflation data,Bullish,1.664
Federal Reserve indicates imminent rate cuts amid softening inflation data,Bullish,1.256
Federal Reserve indicates imminent rate cuts amid softening inflation data,Bullish,1.697
Federal Reserve indicates imminent rate cuts amid softening inflation data,Bullish,1.79
Federal Reserve indicates imminent rate cuts amid softening inflation data,Bullish,1.295
Federal Reserve indicates imminent rate cuts amid softening inflation data,Bullish,1.741
Federal Reserve indicates imminent rate cuts amid softening inflation data,Bullish,1.603
Federal Reserve indicates imminent rate cuts amid softening inflation data,Bullish,1.706
Federal Reserve indicates imminent rate cuts amid softening inflation data,Bullish,1.974
Federal Reserve indicates imminent rate cuts amid softening inflation data,Bullish,1.439
Federal Reserve indicates imminent rate cuts amid softening inflation data,Bullish,1.312
Federal Reserve indicates imminent rate cuts amid softening inflation data,Bullish,1.278
Federal Reserve indicates imminent rate cuts amid softening inflation data,Bullish,1.296
Federal Reserve indicates imminent rate cuts amid softening inflation data,Bullish,1.481
Federal Reserve indicates imminent rate cuts amid softening inflation data,Bullish,1.585
Federal Reserve indicates imminent rate cuts amid softening inflation data,Bullish,1.569
Federal Reserve indicates imminent rate cuts amid softening inflation data,Bullish,1.707
Federal Reserve indicates imminent rate cuts amid softening inflation data,Bullish,1.503
Federal Reserve indicates imminent rate cuts amid softening inflation data,Bullish,1.863
Federal Reserve indicates imminent rate cuts amid softening inflation data,Bullish,1.434
Federal Reserve indicates imminent rate cuts amid softening inflation data,Bullish,2.18
Federal Reserve indicates imminent rate cuts amid softening inflation data,Bullish,1.656
Federal Reserve indicates imminent rate cuts amid softening inflation data,Bullish,1.286
Federal Reserve indicates imminent rate cuts amid softening inflation data,Bullish,1.232
Federal Reserve indicates imminent rate cuts amid softening inflation data,Bullish,1.621
Federal Reserve indicates imminent rate cuts amid softening inflation data,Bullish,1.444
Federal Reserve indicates imminent rate cuts amid softening inflation data,Bullish,1.679
Federal Reserve indicates imminent rate cuts amid softening inflation data,Bullish,1.618
Federal Reserve indicates imminent rate cuts amid softening inflation data,Bullish,1.482
Federal Reserve indicates imminent rate cuts amid softening inflation data,Bullish,1.288
Federal Reserve indicates imminent rate cuts amid softening inflation data,Bullish,1.121
Federal Reserve indicates imminent rate cuts amid softening inflation data,Bullish,1.388
Federal Reserve indicates imminent rate cuts amid softening inflation data,Bullish,1.714
Federal Reserve indicates imminent rate cuts amid softening inflation data,Bullish,1.554
Federal Reserve indicates imminent rate cuts amid softening inflation data,Bullish,1.189
Federal Reserve indicates imminent rate cuts amid softening inflation data,Bullish,1.543
Federal Reserve indicates imminent rate cuts amid softening inflation data,Bullish,1.596
Federal Reserve indicates imminent rate cuts amid softening inflation data,Bullish,1.279
Federal Reserve indicates imminent rate cuts amid softening inflation data,Bullish,1.538
Federal Reserve indicates imminent rate cuts amid softening inflation data,Bullish,1.515
Federal Reserve indicates imminent rate cuts amid softening inflation data,Bullish,1.214
Federal Reserve indicates imminent rate cuts amid softening inflation data,Bullish,1.589
Federal Reserve indicates imminent rate cuts amid softening inflation data,Bullish,1.64
Federal Reserve indicates imminent rate cuts amid softening inflation data,Bullish,1.771
Federal Reserve indicates imminent rate cuts amid softening inflation data,Bullish,1.763
Federal Reserve indicates imminent rate cuts amid softening inflation data,Bullish,1.156
Federal Reserve indicates imminent rate cuts amid softening inflation data,Bullish,1.266
Federal Reserve indicates imminent rate cuts amid softening inflation data,Bullish,1.629
Federal Reserve indicates imminent rate cuts amid softening inflation data,Bullish,1.628
Federal Reserve indicates imminent rate cuts amid softening inflation data,Bullish,1.629
Federal Reserve indicates imminent rate cuts amid softening inflation data,Bullish,2.463
Federal Reserve indicates imminent rate cuts amid softening inflation data,Bullish,1.643
Federal Reserve indicates imminent rate cuts amid softening inflation data,Bullish,1.784
Federal Reserve indicates imminent rate cuts amid softening inflation data,Bullish,1.739
Federal Reserve indicates imminent rate cuts amid softening inflation data,Bullish,1.663
Federal Reserve indicates imminent rate cuts amid softening inflation data,Bullish,1.421
Federal Reserve indicates imminent rate cuts amid softening inflation data,Bullish,1.69
Federal Reserve indicates imminent rate cuts amid softening inflation data,Bullish,1.307
Federal Reserve indicates imminent rate cuts amid softening inflation data,Bullish,1.441
Federal Reserve indicates imminent rate cuts amid softening inflation data,Bullish,1.379
Federal Reserve indicates imminent rate cuts amid softening inflation data,Bullish,1.52
Federal Reserve indicates imminent rate cuts amid softening inflation data,Bullish,2.079
Federal Reserve indicates imminent rate cuts amid softening inflation data,Bullish,1.033
Federal Reserve indicates imminent rate cuts amid softening inflation data,Bullish,1.672
Federal Reserve indicates imminent rate cuts amid softening inflation data,Bullish,1.097
Federal Reserve indicates imminent rate cuts amid softening inflation data,Bullish,1.382
Federal Reserve indicates imminent rate cuts amid softening inflation data,Bullish,1.772
Federal Reserve indicates imminent rate cuts amid softening inflation data,Bullish,1.516
Federal Reserve indicates imminent rate cuts amid softening inflation data,Bullish,1.231
Federal Reserve indicates imminent rate cuts amid softening inflation data,Bullish,1.321
Federal Reserve indicates imminent rate cuts amid softening inflation data,Bullish,1.67
Federal Reserve indicates imminent rate cuts amid softening inflation data,Bullish,1.317
Federal Reserve indicates imminent rate cuts amid softening inflation data,Bullish,1.554
Federal Reserve indicates imminent rate cuts amid softening inflation data,Bullish,1.511
Federal Reserve indicates imminent rate cuts amid softening inflation data,Bullish,1.337
Federal Reserve indicates imminent rate cuts amid softening inflation data,Bullish,2.036
Federal Reserve indicates imminent rate cuts amid softening inflation data,Bullish,1.658
Federal Reserve indicates imminent rate cuts amid softening inflation data,Bullish,0.994
Federal Reserve indicates imminent rate cuts amid softening inflation data,Bullish,1.547
Federal Reserve indicates imminent rate cuts amid softening inflation data,Bullish,1.335
Federal Reserve indicates imminent rate cuts amid softening inflation data,Bullish,1.713
Tech giant reports all-time record enterprise cloud subscription revenue growth,Bullish,1.902
Tech giant reports all-time record enterprise cloud subscription revenue growth,Bullish,2.071
Tech giant reports all-time record enterprise cloud subscription revenue growth,Bullish,2.226
Tech giant reports all-time record enterprise cloud subscription revenue growth,Bullish,2.316
Tech giant reports all-time record enterprise cloud subscription revenue growth,Bullish,1.8
Tech giant reports all-time record enterprise cloud subscription revenue growth,Bullish,2.016
Tech giant reports all-time record enterprise cloud subscription revenue growth,Bullish,1.981
Tech giant reports all-time record enterprise cloud subscription revenue growth,Bullish,1.937
Tech giant reports all-time record enterprise cloud subscription revenue growth,Bullish,2.541
Tech giant reports all-time record enterprise cloud subscription revenue growth,Bullish,2.201
Tech giant reports all-time record enterprise cloud subscription revenue growth,Bullish,1.785
Tech giant reports all-time record enterprise cloud subscription revenue growth,Bullish,2.329
Tech giant reports all-time record enterprise cloud subscription revenue growth,Bullish,2.631
Tech giant reports all-time record enterprise cloud subscription revenue growth,Bullish,2.358
Tech giant reports all-time record enterprise cloud subscription revenue growth,Bullish,1.72
Tech giant reports all-time record enterprise cloud subscription revenue growth,Bullish,1.979
Tech giant reports all-time record enterprise cloud subscription revenue growth,Bullish,2.417
Tech giant reports all-time record enterprise cloud subscription revenue growth,Bullish,1.923
Tech giant reports all-time record enterprise cloud subscription revenue growth,Bullish,2.211
Tech giant reports all-time record enterprise cloud subscription revenue growth,Bullish,2.294
Tech giant reports all-time record enterprise cloud subscription revenue growth,Bullish,1.868
Tech giant reports all-time record enterprise cloud subscription revenue growth,Bullish,2.085
Tech giant reports all-time record enterprise cloud subscription revenue growth,Bullish,1.29
Tech giant reports all-time record enterprise cloud subscription revenue growth,Bullish,1.844
Tech giant reports all-time record enterprise cloud subscription revenue growth,Bullish,2.037
Tech giant reports all-time record enterprise cloud subscription revenue growth,Bullish,1.788
Tech giant reports all-time record enterprise cloud subscription revenue growth,Bullish,2.508
Tech giant reports all-time record enterprise cloud subscription revenue growth,Bullish,1.742
Tech giant reports all-time record enterprise cloud subscription revenue growth,Bullish,1.99
Tech giant reports all-time record enterprise cloud subscription revenue growth,Bullish,2.133
Tech giant reports all-time record enterprise cloud subscription revenue growth,Bullish,2.46
Tech giant reports all-time record enterprise cloud subscription revenue growth,Bullish,1.741
Tech giant reports all-time record enterprise cloud subscription revenue growth,Bullish,2.391
Tech giant reports all-time record enterprise cloud subscription revenue growth,Bullish,2.103
Tech giant reports all-time record enterprise cloud subscription revenue growth,Bullish,1.855
Tech giant reports all-time record enterprise cloud subscription revenue growth,Bullish,2.216
Tech giant reports all-time record enterprise cloud subscription revenue growth,Bullish,2.15
Tech giant reports all-time record enterprise cloud subscription revenue growth,Bullish,1.95
Tech giant reports all-time record enterprise cloud subscription revenue growth,Bullish,2.117
Tech giant reports all-time record enterprise cloud subscription revenue growth,Bullish,2.004
Tech giant reports all-time record enterprise cloud subscription revenue growth,Bullish,2.128
Tech giant reports all-time record enterprise cloud subscription revenue growth,Bullish,2.266
Tech giant reports all-time record enterprise cloud subscription revenue growth,Bullish,2.497
Tech giant reports all-time record enterprise cloud subscription revenue growth,Bullish,1.791
Tech giant reports all-time record enterprise cloud subscription revenue growth,Bullish,2.633
Tech giant reports all-time record enterprise cloud subscription revenue growth,Bullish,1.612
Tech giant reports all-time record enterprise cloud subscription revenue growth,Bullish,2.062
Tech giant reports all-time record enterprise cloud subscription revenue growth,Bullish,2.247
Tech giant reports all-time record enterprise cloud subscription revenue growth,Bullish,2.17
Tech giant reports all-time record enterprise cloud subscription revenue growth,Bullish,1.944
Tech giant reports all-time record enterprise cloud subscription revenue growth,Bullish,2.048
Tech giant reports all-time record enterprise cloud subscription revenue growth,Bullish,1.977
Tech giant reports all-time record enterprise cloud subscription revenue growth,Bullish,1.953
Tech giant reports all-time record enterprise cloud subscription revenue growth,Bullish,2.312
Tech giant reports all-time record enterprise cloud subscription revenue growth,Bullish,2.189
Tech giant reports all-time record enterprise cloud subscription revenue growth,Bullish,1.927
Tech giant reports all-time record enterprise cloud subscription revenue growth,Bullish,2.325
Tech giant reports all-time record enterprise cloud subscription revenue growth,Bullish,2.177
Tech giant reports all-time record enterprise cloud subscription revenue growth,Bullish,2.303
Tech giant reports all-time record enterprise cloud subscription revenue growth,Bullish,2.257
Tech giant reports all-time record enterprise cloud subscription revenue growth,Bullish,1.893
Tech giant reports all-time record enterprise cloud subscription revenue growth,Bullish,1.96
Tech giant reports all-time record enterprise cloud subscription revenue growth,Bullish,2.287
Tech giant reports all-time record enterprise cloud subscription revenue growth,Bullish,2.253
Tech giant reports all-time record enterprise cloud subscription revenue growth,Bullish,2.095
Tech giant reports all-time record enterprise cloud subscription revenue growth,Bullish,2.129
Tech giant reports all-time record enterprise cloud subscription revenue growth,Bullish,2.419
Tech giant reports all-time record enterprise cloud subscription revenue growth,Bullish,1.952
Tech giant reports all-time record enterprise cloud subscription revenue growth,Bullish,2.237
Tech giant reports all-time record enterprise cloud subscription revenue growth,Bullish,2.049
Tech giant reports all-time record enterprise cloud subscription revenue growth,Bullish,2.046
Tech giant reports all-time record enterprise cloud subscription revenue growth,Bullish,2.375
Tech giant reports all-time record enterprise cloud subscription revenue growth,Bullish,2.306
Tech giant reports all-time record enterprise cloud subscription revenue growth,Bullish,2.303
Tech giant reports all-time record enterprise cloud subscription revenue growth,Bullish,2.426
Tech giant reports all-time record enterprise cloud subscription revenue growth,Bullish,2.105
Tech giant reports all-time record enterprise cloud subscription revenue growth,Bullish,2.27
Tech giant reports all-time record enterprise cloud subscription revenue growth,Bullish,2.022
Tech giant reports all-time record enterprise cloud subscription revenue growth,Bullish,2.181
Tech giant reports all-time record enterprise cloud subscription revenue growth,Bullish,2.067
Tech giant reports all-time record enterprise cloud subscription revenue growth,Bullish,2.124
Tech giant reports all-time record enterprise cloud subscription revenue growth,Bullish,2.249
Tech giant reports all-time record enterprise cloud subscription revenue growth,Bullish,1.895
Tech giant reports all-time record enterprise cloud subscription revenue growth,Bullish,2.623
Tech giant reports all-time record enterprise cloud subscription revenue growth,Bullish,1.848
Tech giant reports all-time record enterprise cloud subscription revenue growth,Bullish,1.796
Tech giant reports all-time record enterprise cloud subscription revenue growth,Bullish,2.39
Tech giant reports all-time record enterprise cloud subscription revenue growth,Bullish,2.298
Tech giant reports all-time record enterprise cloud subscription revenue growth,Bullish,2.256
Tech giant reports all-time record enterprise cloud subscription revenue growth,Bullish,2.257
Tech giant reports all-time record enterprise cloud subscription revenue growth,Bullish,2.097
Tech giant reports all-time record enterprise cloud subscription revenue growth,Bullish,1.876
Tech giant reports all-time record enterprise cloud subscription revenue growth,Bullish,2.119
Tech giant reports all-time record enterprise cloud subscription revenue growth,Bullish,1.931
Tech giant reports all-time record enterprise cloud subscription revenue growth,Bullish,2.344
Tech giant reports all-time record enterprise cloud subscription revenue growth,Bullish,2.063
Tech giant reports all-time record enterprise cloud subscription revenue growth,Bullish,1.894
Tech giant reports all-time record enterprise cloud subscription revenue growth,Bullish,2.02
Tech giant reports all-time record enterprise cloud subscription revenue growth,Bullish,2.203
Tech giant reports all-time record enterprise cloud subscription revenue growth,Bullish,1.959
Tech giant reports all-time record enterprise cloud subscription revenue growth,Bullish,1.894
Tech giant reports all-time record enterprise cloud subscription revenue growth,Bullish,2.161
Tech giant reports all-time record enterprise cloud subscription revenue growth,Bullish,2.161
Tech giant reports all-time record enterprise cloud subscription revenue growth,Bullish,1.973
Tech giant reports all-time record enterprise cloud subscription revenue growth,Bullish,1.982
Tech giant reports all-time record enterprise cloud subscription revenue growth,Bullish,2.158
Tech giant reports all-time record enterprise cloud subscription revenue growth,Bullish,1.738
Tech giant reports all-time record enterprise cloud subscription revenue growth,Bullish,1.748
Tech giant reports all-time record enterprise cloud subscription revenue growth,Bullish,1.92
Tech giant reports all-time record enterprise cloud subscription revenue growth,Bullish,2.047
Tech giant reports all-time record enterprise cloud subscription revenue growth,Bullish,2.178
Tech giant reports all-time record enterprise cloud subscription revenue growth,Bullish,2.469
Tech giant reports all-time record enterprise cloud subscription revenue growth,Bullish,2.314
Tech giant reports all-time record enterprise cloud subscription revenue growth,Bullish,2.06
Tech giant reports all-time record enterprise cloud subscription revenue growth,Bullish,2.095
Tech giant reports all-time record enterprise cloud subscription revenue growth,Bullish,1.849
Tech giant reports all-time record enterprise cloud subscription revenue growth,Bullish,2.095
Tech giant reports all-time record enterprise cloud subscription revenue growth,Bullish,2.028
Tech giant reports all-time record enterprise cloud subscription revenue growth,Bullish,2.181
Tech giant reports all-time record enterprise cloud subscription revenue growth,Bullish,1.893
Semiconductor maker secures multi-billion dollar AI accelerator supply contract,Bullish,2.53
Semiconductor maker secures multi-billion dollar AI accelerator supply contract,Bullish,2.783
Semiconductor maker secures multi-billion dollar AI accelerator supply contract,Bullish,2.373
Semiconductor maker secures multi-billion dollar AI accelerator supply contract,Bullish,2.5
Semiconductor maker secures multi-billion dollar AI accelerator supply contract,Bullish,2.573
Semiconductor maker secures multi-billion dollar AI accelerator supply contract,Bullish,2.3
Semiconductor maker secures multi-billion dollar AI accelerator supply contract,Bullish,2.456
Semiconductor maker secures multi-billion dollar AI accelerator supply contract,Bullish,2.403
Semiconductor maker secures multi-billion dollar AI accelerator supply contract,Bullish,2.424
Semiconductor maker secures multi-billion dollar AI accelerator supply contract,Bullish,2.207
Semiconductor maker secures multi-billion dollar AI accelerator supply contract,Bullish,2.406
Semiconductor maker secures multi-billion dollar AI accelerator supply contract,Bullish,2.524
Semiconductor maker secures multi-billion dollar AI accelerator supply contract,Bullish,2.763
Semiconductor maker secures multi-billion dollar AI accelerator supply contract,Bullish,2.64
Semiconductor maker secures multi-billion dollar AI accelerator supply contract,Bullish,2.938
Semiconductor maker secures multi-billion dollar AI accelerator supply contract,Bullish,2.208
Semiconductor maker secures multi-billion dollar AI accelerator supply contract,Bullish,2.618
Semiconductor maker secures multi-billion dollar AI accelerator supply contract,Bullish,2.446
Semiconductor maker secures multi-billion dollar AI accelerator supply contract,Bullish,2.947
Semiconductor maker secures multi-billion dollar AI accelerator supply contract,Bullish,2.198
Semiconductor maker secures multi-billion dollar AI accelerator supply contract,Bullish,2.19
Semiconductor maker secures multi-billion dollar AI accelerator supply contract,Bullish,2.25
Semiconductor maker secures multi-billion dollar AI accelerator supply contract,Bullish,1.869
Semiconductor maker secures multi-billion dollar AI accelerator supply contract,Bullish,2.269
Semiconductor maker secures multi-billion dollar AI accelerator supply contract,Bullish,2.21
Semiconductor maker secures multi-billion dollar AI accelerator supply contract,Bullish,2.438
Semiconductor maker secures multi-billion dollar AI accelerator supply contract,Bullish,2.485
Semiconductor maker secures multi-billion dollar AI accelerator supply contract,Bullish,2.869
Semiconductor maker secures multi-billion dollar AI accelerator supply contract,Bullish,2.638
Semiconductor maker secures multi-billion dollar AI accelerator supply contract,Bullish,2.256
Semiconductor maker secures multi-billion dollar AI accelerator supply contract,Bullish,2.175
Semiconductor maker secures multi-billion dollar AI accelerator supply contract,Bullish,2.523
Semiconductor maker secures multi-billion dollar AI accelerator supply contract,Bullish,2.07
Semiconductor maker secures multi-billion dollar AI accelerator supply contract,Bullish,2.858
Semiconductor maker secures multi-billion dollar AI accelerator supply contract,Bullish,2.695
Semiconductor maker secures multi-billion dollar AI accelerator supply contract,Bullish,2.283
Semiconductor maker secures multi-billion dollar AI accelerator supply contract,Bullish,1.972
Semiconductor maker secures multi-billion dollar AI accelerator supply contract,Bullish,2.738
Semiconductor maker secures multi-billion dollar AI accelerator supply contract,Bullish,2.371
Semiconductor maker secures multi-billion dollar AI accelerator supply contract,Bullish,2.709
Semiconductor maker secures multi-billion dollar AI accelerator supply contract,Bullish,2.001
Semiconductor maker secures multi-billion dollar AI accelerator supply contract,Bullish,2.25
Semiconductor maker secures multi-billion dollar AI accelerator supply contract,Bullish,2.401
Semiconductor maker secures multi-billion dollar AI accelerator supply contract,Bullish,2.412
Semiconductor maker secures multi-billion dollar AI accelerator supply contract,Bullish,2.287
Semiconductor maker secures multi-billion dollar AI accelerator supply contract,Bullish,2.556
Semiconductor maker secures multi-billion dollar AI accelerator supply contract,Bullish,2.133
Semiconductor maker secures multi-billion dollar AI accelerator supply contract,Bullish,2.364
Semiconductor maker secures multi-billion dollar AI accelerator supply contract,Bullish,2.43
Semiconductor maker secures multi-billion dollar AI accelerator supply contract,Bullish,2.529
Semiconductor maker secures multi-billion dollar AI accelerator supply contract,Bullish,2.578
Semiconductor maker secures multi-billion dollar AI accelerator supply contract,Bullish,2.119
Semiconductor maker secures multi-billion dollar AI accelerator supply contract,Bullish,2.016
Semiconductor maker secures multi-billion dollar AI accelerator supply contract,Bullish,2.719
Semiconductor maker secures multi-billion dollar AI accelerator supply contract,Bullish,2.483
Semiconductor maker secures multi-billion dollar AI accelerator supply contract,Bullish,2.213
Semiconductor maker secures multi-billion dollar AI accelerator supply contract,Bullish,2.788
Semiconductor maker secures multi-billion dollar AI accelerator supply contract,Bullish,2.429
Semiconductor maker secures multi-billion dollar AI accelerator supply contract,Bullish,2.695
Semiconductor maker secures multi-billion dollar AI accelerator supply contract,Bullish,2.417
Semiconductor maker secures multi-billion dollar AI accelerator supply contract,Bullish,2.915
Semiconductor maker secures multi-billion dollar AI accelerator supply contract,Bullish,2.839
Semiconductor maker secures multi-billion dollar AI accelerator supply contract,Bullish,2.338
Semiconductor maker secures multi-billion dollar AI accelerator supply contract,Bullish,2.643
Semiconductor maker secures multi-billion dollar AI accelerator supply contract,Bullish,2.561
Semiconductor maker secures multi-billion dollar AI accelerator supply contract,Bullish,2.742
Semiconductor maker secures multi-billion dollar AI accelerator supply contract,Bullish,2.159
Semiconductor maker secures multi-billion dollar AI accelerator supply contract,Bullish,2.572
Semiconductor maker secures multi-billion dollar AI accelerator supply contract,Bullish,2.665
Semiconductor maker secures multi-billion dollar AI accelerator supply contract,Bullish,1.96
Semiconductor maker secures multi-billion dollar AI accelerator supply contract,Bullish,2.104
Semiconductor maker secures multi-billion dollar AI accelerator supply contract,Bullish,1.89
Semiconductor maker secures multi-billion dollar AI accelerator supply contract,Bullish,2.333
Semiconductor maker secures multi-billion dollar AI accelerator supply contract,Bullish,2.579
Semiconductor maker secures multi-billion dollar AI accelerator supply contract,Bullish,2.776
Semiconductor maker secures multi-billion dollar AI accelerator supply contract,Bullish,2.419
Semiconductor maker secures multi-billion dollar AI accelerator supply contract,Bullish,2.807
Semiconductor maker secures multi-billion dollar AI accelerator supply contract,Bullish,2.055
Semiconductor maker secures multi-billion dollar AI accelerator supply contract,Bullish,1.974
Semiconductor maker secures multi-billion dollar AI accelerator supply contract,Bullish,2.386
Semiconductor maker secures multi-billion dollar AI accelerator supply contract,Bullish,2.496
Semiconductor maker secures multi-billion dollar AI accelerator supply contract,Bullish,2.392
Semiconductor maker secures multi-billion dollar AI accelerator supply contract,Bullish,1.883
Semiconductor maker secures multi-billion dollar AI accelerator supply contract,Bullish,2.378
Semiconductor maker secures multi-billion dollar AI accelerator supply contract,Bullish,2.074
Semiconductor maker secures multi-billion dollar AI accelerator supply contract,Bullish,2.567
Semiconductor maker secures multi-billion dollar AI accelerator supply contract,Bullish,2.492
Semiconductor maker secures multi-billion dollar AI accelerator supply contract,Bullish,2.165
Semiconductor maker secures multi-billion dollar AI accelerator supply contract,Bullish,2.272
Semiconductor maker secures multi-billion dollar AI accelerator supply contract,Bullish,2.135
Semiconductor maker secures multi-billion dollar AI accelerator supply contract,Bullish,2.384
Semiconductor maker secures multi-billion dollar AI accelerator supply contract,Bullish,2.639
Semiconductor maker secures multi-billion dollar AI accelerator supply contract,Bullish,2.154
Semiconductor maker secures multi-billion dollar AI accelerator supply contract,Bullish,2.526
Semiconductor maker secures multi-billion dollar AI accelerator supply contract,Bullish,2.267
Semiconductor maker secures multi-billion dollar AI accelerator supply contract,Bullish,2.202
Semiconductor maker secures multi-billion dollar AI accelerator supply contract,Bullish,2.373
Semiconductor maker secures multi-billion dollar AI accelerator supply contract,Bullish,2.141
Semiconductor maker secures multi-billion dollar AI accelerator supply contract,Bullish,2.262
Semiconductor maker secures multi-billion dollar AI accelerator supply contract,Bullish,2.101
Semiconductor maker secures multi-billion dollar AI accelerator supply contract,Bullish,2.891
Semiconductor maker secures multi-billion dollar AI accelerator supply contract,Bullish,2.409
Semiconductor maker secures multi-billion dollar AI accelerator supply contract,Bullish,2.225
Semiconductor maker secures multi-billion dollar AI accelerator supply contract,Bullish,2.453
Semiconductor maker secures multi-billion dollar AI accelerator supply contract,Bullish,2.372
Semiconductor maker secures multi-billion dollar AI accelerator supply contract,Bullish,2.345
Semiconductor maker secures multi-billion dollar AI accelerator supply contract,Bullish,2.554
Semiconductor maker secures multi-billion dollar AI accelerator supply contract,Bullish,2.589
Semiconductor maker secures multi-billion dollar AI accelerator supply contract,Bullish,2.267
Semiconductor maker secures multi-billion dollar AI accelerator supply contract,Bullish,2.256
Semiconductor maker secures multi-billion dollar AI accelerator supply contract,Bullish,2.331
Semiconductor maker secures multi-billion dollar AI accelerator supply contract,Bullish,1.825
Semiconductor maker secures multi-billion dollar AI accelerator supply contract,Bullish,2.021
Semiconductor maker secures multi-billion dollar AI accelerator supply contract,Bullish,2.742
Semiconductor maker secures multi-billion dollar AI accelerator supply contract,Bullish,2.811
Semiconductor maker secures multi-billion dollar AI accelerator supply contract,Bullish,2.338
Semiconductor maker secures multi-billion dollar AI accelerator supply contract,Bullish,2.544
Semiconductor maker secures multi-billion dollar AI accelerator supply contract,Bullish,2.478
Semiconductor maker secures multi-billion dollar AI accelerator supply contract,Bullish,3.17
Semiconductor maker secures multi-billion dollar AI accelerator supply contract,Bullish,2.68
Biotech company gains FDA approval for breakthrough oncology therapy drug,Bullish,2.668
Biotech company gains FDA approval for breakthrough oncology therapy drug,Bullish,2.461
Biotech company gains FDA approval for breakthrough oncology therapy drug,Bullish,2.298
Biotech company gains FDA approval for breakthrough oncology therapy drug,Bullish,2.751
Biotech company gains FDA approval for breakthrough oncology therapy drug,Bullish,2.511
Biotech company gains FDA approval for breakthrough oncology therapy drug,Bullish,2.344
Biotech company gains FDA approval for breakthrough oncology therapy drug,Bullish,2.538
Biotech company gains FDA approval for breakthrough oncology therapy drug,Bullish,2.43
Biotech company gains FDA approval for breakthrough oncology therapy drug,Bullish,3.122
Biotech company gains FDA approval for breakthrough oncology therapy drug,Bullish,2.92
Biotech company gains FDA approval for breakthrough oncology therapy drug,Bullish,2.698
Biotech company gains FDA approval for breakthrough oncology therapy drug,Bullish,3.07
Biotech company gains FDA approval for breakthrough oncology therapy drug,Bullish,2.719
Biotech company gains FDA approval for breakthrough oncology therapy drug,Bullish,2.485
Biotech company gains FDA approval for breakthrough oncology therapy drug,Bullish,3.081
Biotech company gains FDA approval for breakthrough oncology therapy drug,Bullish,2.835
Biotech company gains FDA approval for breakthrough oncology therapy drug,Bullish,2.441
Biotech company gains FDA approval for breakthrough oncology therapy drug,Bullish,2.652
Biotech company gains FDA approval for breakthrough oncology therapy drug,Bullish,2.481
Biotech company gains FDA approval for breakthrough oncology therapy drug,Bullish,2.354
Biotech company gains FDA approval for breakthrough oncology therapy drug,Bullish,2.932
Biotech company gains FDA approval for breakthrough oncology therapy drug,Bullish,3.177
Biotech company gains FDA approval for breakthrough oncology therapy drug,Bullish,2.35
Biotech company gains FDA approval for breakthrough oncology therapy drug,Bullish,2.841
Biotech company gains FDA approval for breakthrough oncology therapy drug,Bullish,2.537
Biotech company gains FDA approval for breakthrough oncology therapy drug,Bullish,2.578
Biotech company gains FDA approval for breakthrough oncology therapy drug,Bullish,2.552
Biotech company gains FDA approval for breakthrough oncology therapy drug,Bullish,2.484
Biotech company gains FDA approval for breakthrough oncology therapy drug,Bullish,2.712
Biotech company gains FDA approval for breakthrough oncology therapy drug,Bullish,2.492
Biotech company gains FDA approval for breakthrough oncology therapy drug,Bullish,2.768
Biotech company gains FDA approval for breakthrough oncology therapy drug,Bullish,2.687
Biotech company gains FDA approval for breakthrough oncology therapy drug,Bullish,2.64
Biotech company gains FDA approval for breakthrough oncology therapy drug,Bullish,2.473
Biotech company gains FDA approval for breakthrough oncology therapy drug,Bullish,2.556
Biotech company gains FDA approval for breakthrough oncology therapy drug,Bullish,2.889
Biotech company gains FDA approval for breakthrough oncology therapy drug,Bullish,2.825
Biotech company gains FDA approval for breakthrough oncology therapy drug,Bullish,2.456
Biotech company gains FDA approval for breakthrough oncology therapy drug,Bullish,2.725
Biotech company gains FDA approval for breakthrough oncology therapy drug,Bullish,2.888
Biotech company gains FDA approval for breakthrough oncology therapy drug,Bullish,2.283
Biotech company gains FDA approval for breakthrough oncology therapy drug,Bullish,2.836
Biotech company gains FDA approval for breakthrough oncology therapy drug,Bullish,2.534
Biotech company gains FDA approval for breakthrough oncology therapy drug,Bullish,2.843
Biotech company gains FDA approval for breakthrough oncology therapy drug,Bullish,2.509
Biotech company gains FDA approval for breakthrough oncology therapy drug,Bullish,2.249
Biotech company gains FDA approval for breakthrough oncology therapy drug,Bullish,2.293
Biotech company gains FDA approval for breakthrough oncology therapy drug,Bullish,2.712
Biotech company gains FDA approval for breakthrough oncology therapy drug,Bullish,2.765
Biotech company gains FDA approval for breakthrough oncology therapy drug,Bullish,2.474
Biotech company gains FDA approval for breakthrough oncology therapy drug,Bullish,2.86
Biotech company gains FDA approval for breakthrough oncology therapy drug,Bullish,2.285
Biotech company gains FDA approval for breakthrough oncology therapy drug,Bullish,2.683
Biotech company gains FDA approval for breakthrough oncology therapy drug,Bullish,2.397
Biotech company gains FDA approval for breakthrough oncology therapy drug,Bullish,2.537
Biotech company gains FDA approval for breakthrough oncology therapy drug,Bullish,2.712
Biotech company gains FDA approval for breakthrough oncology therapy drug,Bullish,2.485
Biotech company gains FDA approval for breakthrough oncology therapy drug,Bullish,2.604
Biotech company gains FDA approval for breakthrough oncology therapy drug,Bullish,2.952
Biotech company gains FDA approval for breakthrough oncology therapy drug,Bullish,2.556
Biotech company gains FDA approval for breakthrough oncology therapy drug,Bullish,2.909
Biotech company gains FDA approval for breakthrough oncology therapy drug,Bullish,2.418
Biotech company gains FDA approval for breakthrough oncology therapy drug,Bullish,2.832
Biotech company gains FDA approval for breakthrough oncology therapy drug,Bullish,3.06
Biotech company gains FDA approval for breakthrough oncology therapy drug,Bullish,2.082
Biotech company gains FDA approval for breakthrough oncology therapy drug,Bullish,2.501
Biotech company gains FDA approval for breakthrough oncology therapy drug,Bullish,2.844
Biotech company gains FDA approval for breakthrough oncology therapy drug,Bullish,2.649
Biotech company gains FDA approval for breakthrough oncology therapy drug,Bullish,2.793
Biotech company gains FDA approval for breakthrough oncology therapy drug,Bullish,2.549
Biotech company gains FDA approval for breakthrough oncology therapy drug,Bullish,2.722
Biotech company gains FDA approval for breakthrough oncology therapy drug,Bullish,2.661
Biotech company gains FDA approval for breakthrough oncology therapy drug,Bullish,2.992
Biotech company gains FDA approval for breakthrough oncology therapy drug,Bullish,2.764
Biotech company gains FDA approval for breakthrough oncology therapy drug,Bullish,2.784
Biotech company gains FDA approval for breakthrough oncology therapy drug,Bullish,2.597
Biotech company gains FDA approval for breakthrough oncology therapy drug,Bullish,2.578
Biotech company gains FDA approval for breakthrough oncology therapy drug,Bullish,2.592
Biotech company gains FDA approval for breakthrough oncology therapy drug,Bullish,2.799
Biotech company gains FDA approval for breakthrough oncology therapy drug,Bullish,2.595
Biotech company gains FDA approval for breakthrough oncology therapy drug,Bullish,2.772
Biotech company gains FDA approval for breakthrough oncology therapy drug,Bullish,3.219
Biotech company gains FDA approval for breakthrough oncology therapy drug,Bullish,2.918
Biotech company gains FDA approval for breakthrough oncology therapy drug,Bullish,2.618
Biotech company gains FDA approval for breakthrough oncology therapy drug,Bullish,3.0
Biotech company gains FDA approval for breakthrough oncology therapy drug,Bullish,2.598
Biotech company gains FDA approval for breakthrough oncology therapy drug,Bullish,2.19
Biotech company gains FDA approval for breakthrough oncology therapy drug,Bullish,2.448
Biotech company gains FDA approval for breakthrough oncology therapy drug,Bullish,2.232
Biotech company gains FDA approval for breakthrough oncology therapy drug,Bullish,2.612
Biotech company gains FDA approval for breakthrough oncology therapy drug,Bullish,2.705
Biotech company gains FDA approval for breakthrough oncology therapy drug,Bullish,3.119
Biotech company gains FDA approval for breakthrough oncology therapy drug,Bullish,2.782
Biotech company gains FDA approval for breakthrough oncology therapy drug,Bullish,2.645
Biotech company gains FDA approval for breakthrough oncology therapy drug,Bullish,2.907
Biotech company gains FDA approval for breakthrough oncology therapy drug,Bullish,2.147
Biotech company gains FDA approval for breakthrough oncology therapy drug,Bullish,2.759
Biotech company gains FDA approval for breakthrough oncology therapy drug,Bullish,2.893
Biotech company gains FDA approval for breakthrough oncology therapy drug,Bullish,2.33
Biotech company gains FDA approval for breakthrough oncology therapy drug,Bullish,2.986
Biotech company gains FDA approval for breakthrough oncology therapy drug,Bullish,2.785
Biotech company gains FDA approval for breakthrough oncology therapy drug,Bullish,2.596
Biotech company gains FDA approval for breakthrough oncology therapy drug,Bullish,2.858
Biotech company gains FDA approval for breakthrough oncology therapy drug,Bullish,3.268
Biotech company gains FDA approval for breakthrough oncology therapy drug,Bullish,2.745
Biotech company gains FDA approval for breakthrough oncology therapy drug,Bullish,2.762
Biotech company gains FDA approval for breakthrough oncology therapy drug,Bullish,2.585
Biotech company gains FDA approval for breakthrough oncology therapy drug,Bullish,2.488
Biotech company gains FDA approval for breakthrough oncology therapy drug,Bullish,2.908
Biotech company gains FDA approval for breakthrough oncology therapy drug,Bullish,2.486
Biotech company gains FDA approval for breakthrough oncology therapy drug,Bullish,2.718
Biotech company gains FDA approval for breakthrough oncology therapy drug,Bullish,2.581
Biotech company gains FDA approval for breakthrough oncology therapy drug,Bullish,2.82
Biotech company gains FDA approval for breakthrough oncology therapy drug,Bullish,2.783
Biotech company gains FDA approval for breakthrough oncology therapy drug,Bullish,2.959
Biotech company gains FDA approval for breakthrough oncology therapy drug,Bullish,2.572
Biotech company gains FDA approval for breakthrough oncology therapy drug,Bullish,2.633
Biotech company gains FDA approval for breakthrough oncology therapy drug,Bullish,2.455
Biotech company gains FDA approval for breakthrough oncology therapy drug,Bullish,2.589
Biotech company gains FDA approval for breakthrough oncology therapy drug,Bullish,2.794
E-commerce retailer raises full-year guidance citing massive holiday sales volume,Bullish,1.589
E-commerce retailer raises full-year guidance citing massive holiday sales volume,Bullish,1.169
E-commerce retailer raises full-year guidance citing massive holiday sales volume,Bullish,1.617
E-commerce retailer raises full-year guidance citing massive holiday sales volume,Bullish,1.739
E-commerce retailer raises full-year guidance citing massive holiday sales volume,Bullish,1.503
E-commerce retailer raises full-year guidance citing massive holiday sales volume,Bullish,1.869
E-commerce retailer raises full-year guidance citing massive holiday sales volume,Bullish,1.207
E-commerce retailer raises full-year guidance citing massive holiday sales volume,Bullish,1.089
E-commerce retailer raises full-year guidance citing massive holiday sales volume,Bullish,0.955
E-commerce retailer raises full-year guidance citing massive holiday sales volume,Bullish,1.774
E-commerce retailer raises full-year guidance citing massive holiday sales volume,Bullish,1.564
E-commerce retailer raises full-year guidance citing massive holiday sales volume,Bullish,1.386
E-commerce retailer raises full-year guidance citing massive holiday sales volume,Bullish,1.47
E-commerce retailer raises full-year guidance citing massive holiday sales volume,Bullish,1.119
E-commerce retailer raises full-year guidance citing massive holiday sales volume,Bullish,2.011
E-commerce retailer raises full-year guidance citing massive holiday sales volume,Bullish,1.432
E-commerce retailer raises full-year guidance citing massive holiday sales volume,Bullish,1.427
E-commerce retailer raises full-year guidance citing massive holiday sales volume,Bullish,1.581
E-commerce retailer raises full-year guidance citing massive holiday sales volume,Bullish,1.52
E-commerce retailer raises full-year guidance citing massive holiday sales volume,Bullish,1.456
E-commerce retailer raises full-year guidance citing massive holiday sales volume,Bullish,1.202
E-commerce retailer raises full-year guidance citing massive holiday sales volume,Bullish,1.518
E-commerce retailer raises full-year guidance citing massive holiday sales volume,Bullish,1.871
E-commerce retailer raises full-year guidance citing massive holiday sales volume,Bullish,1.736
E-commerce retailer raises full-year guidance citing massive holiday sales volume,Bullish,1.798
E-commerce retailer raises full-year guidance citing massive holiday sales volume,Bullish,1.272
E-commerce retailer raises full-year guidance citing massive holiday sales volume,Bullish,1.153
E-commerce retailer raises full-year guidance citing massive holiday sales volume,Bullish,1.369
E-commerce retailer raises full-year guidance citing massive holiday sales volume,Bullish,1.414
E-commerce retailer raises full-year guidance citing massive holiday sales volume,Bullish,1.674
E-commerce retailer raises full-year guidance citing massive holiday sales volume,Bullish,0.977
E-commerce retailer raises full-year guidance citing massive holiday sales volume,Bullish,1.782
E-commerce retailer raises full-year guidance citing massive holiday sales volume,Bullish,1.36
E-commerce retailer raises full-year guidance citing massive holiday sales volume,Bullish,1.293
E-commerce retailer raises full-year guidance citing massive holiday sales volume,Bullish,1.147
E-commerce retailer raises full-year guidance citing massive holiday sales volume,Bullish,0.986
E-commerce retailer raises full-year guidance citing massive holiday sales volume,Bullish,1.606
E-commerce retailer raises full-year guidance citing massive holiday sales volume,Bullish,1.418
E-commerce retailer raises full-year guidance citing massive holiday sales volume,Bullish,1.078
E-commerce retailer raises full-year guidance citing massive holiday sales volume,Bullish,1.076
E-commerce retailer raises full-year guidance citing massive holiday sales volume,Bullish,1.316
E-commerce retailer raises full-year guidance citing massive holiday sales volume,Bullish,1.817
E-commerce retailer raises full-year guidance citing massive holiday sales volume,Bullish,1.335
E-commerce retailer raises full-year guidance citing massive holiday sales volume,Bullish,1.024
E-commerce retailer raises full-year guidance citing massive holiday sales volume,Bullish,1.339
E-commerce retailer raises full-year guidance citing massive holiday sales volume,Bullish,1.332
E-commerce retailer raises full-year guidance citing massive holiday sales volume,Bullish,0.726
E-commerce retailer raises full-year guidance citing massive holiday sales volume,Bullish,1.386
E-commerce retailer raises full-year guidance citing massive holiday sales volume,Bullish,1.342
E-commerce retailer raises full-year guidance citing massive holiday sales volume,Bullish,1.574
E-commerce retailer raises full-year guidance citing massive holiday sales volume,Bullish,1.862
E-commerce retailer raises full-year guidance citing massive holiday sales volume,Bullish,1.682
E-commerce retailer raises full-year guidance citing massive holiday sales volume,Bullish,1.333
E-commerce retailer raises full-year guidance citing massive holiday sales volume,Bullish,1.123
E-commerce retailer raises full-year guidance citing massive holiday sales volume,Bullish,2.043
E-commerce retailer raises full-year guidance citing massive holiday sales volume,Bullish,1.415
E-commerce retailer raises full-year guidance citing massive holiday sales volume,Bullish,1.403
E-commerce retailer raises full-year guidance citing massive holiday sales volume,Bullish,1.394
E-commerce retailer raises full-year guidance citing massive holiday sales volume,Bullish,1.45
E-commerce retailer raises full-year guidance citing massive holiday sales volume,Bullish,1.364
E-commerce retailer raises full-year guidance citing massive holiday sales volume,Bullish,1.257
E-commerce retailer raises full-year guidance citing massive holiday sales volume,Bullish,1.263
E-commerce retailer raises full-year guidance citing massive holiday sales volume,Bullish,1.392
E-commerce retailer raises full-year guidance citing massive holiday sales volume,Bullish,1.264
E-commerce retailer raises full-year guidance citing massive holiday sales volume,Bullish,1.222
E-commerce retailer raises full-year guidance citing massive holiday sales volume,Bullish,1.427
E-commerce retailer raises full-year guidance citing massive holiday sales volume,Bullish,1.336
E-commerce retailer raises full-year guidance citing massive holiday sales volume,Bullish,1.776
E-commerce retailer raises full-year guidance citing massive holiday sales volume,Bullish,0.737
E-commerce retailer raises full-year guidance citing massive holiday sales volume,Bullish,1.673
E-commerce retailer raises full-year guidance citing massive holiday sales volume,Bullish,1.712
E-commerce retailer raises full-year guidance citing massive holiday sales volume,Bullish,0.882
E-commerce retailer raises full-year guidance citing massive holiday sales volume,Bullish,1.314
E-commerce retailer raises full-year guidance citing massive holiday sales volume,Bullish,1.307
E-commerce retailer raises full-year guidance citing massive holiday sales volume,Bullish,1.048
E-commerce retailer raises full-year guidance citing massive holiday sales volume,Bullish,1.206
E-commerce retailer raises full-year guidance citing massive holiday sales volume,Bullish,1.122
E-commerce retailer raises full-year guidance citing massive holiday sales volume,Bullish,1.838
E-commerce retailer raises full-year guidance citing massive holiday sales volume,Bullish,1.634
E-commerce retailer raises full-year guidance citing massive holiday sales volume,Bullish,1.718
E-commerce retailer raises full-year guidance citing massive holiday sales volume,Bullish,1.58
E-commerce retailer raises full-year guidance citing massive holiday sales volume,Bullish,1.118
E-commerce retailer raises full-year guidance citing massive holiday sales volume,Bullish,1.269
E-commerce retailer raises full-year guidance citing massive holiday sales volume,Bullish,1.522
E-commerce retailer raises full-year guidance citing massive holiday sales volume,Bullish,1.094
E-commerce retailer raises full-year guidance citing massive holiday sales volume,Bullish,1.578
E-commerce retailer raises full-year guidance citing massive holiday sales volume,Bullish,1.34
E-commerce retailer raises full-year guidance citing massive holiday sales volume,Bullish,1.306
E-commerce retailer raises full-year guidance citing massive holiday sales volume,Bullish,1.578
E-commerce retailer raises full-year guidance citing massive holiday sales volume,Bullish,1.511
E-commerce retailer raises full-year guidance citing massive holiday sales volume,Bullish,1.31
E-commerce retailer raises full-year guidance citing massive holiday sales volume,Bullish,1.69
E-commerce retailer raises full-year guidance citing massive holiday sales volume,Bullish,1.13
E-commerce retailer raises full-year guidance citing massive holiday sales volume,Bullish,1.554
E-commerce retailer raises full-year guidance citing massive holiday sales volume,Bullish,1.548
E-commerce retailer raises full-year guidance citing massive holiday sales volume,Bullish,1.323
E-commerce retailer raises full-year guidance citing massive holiday sales volume,Bullish,1.482
E-commerce retailer raises full-year guidance citing massive holiday sales volume,Bullish,1.087
E-commerce retailer raises full-year guidance citing massive holiday sales volume,Bullish,1.631
E-commerce retailer raises full-year guidance citing massive holiday sales volume,Bullish,1.354
E-commerce retailer raises full-year guidance citing massive holiday sales volume,Bullish,1.269
E-commerce retailer raises full-year guidance citing massive holiday sales volume,Bullish,1.662
E-commerce retailer raises full-year guidance citing massive holiday sales volume,Bullish,1.224
E-commerce retailer raises full-year guidance citing massive holiday sales volume,Bullish,1.048
E-commerce retailer raises full-year guidance citing massive holiday sales volume,Bullish,1.011
E-commerce retailer raises full-year guidance citing massive holiday sales volume,Bullish,1.552
E-commerce retailer raises full-year guidance citing massive holiday sales volume,Bullish,1.08
E-commerce retailer raises full-year guidance citing massive holiday sales volume,Bullish,1.839
E-commerce retailer raises full-year guidance citing massive holiday sales volume,Bullish,0.88
E-commerce retailer raises full-year guidance citing massive holiday sales volume,Bullish,1.824
E-commerce retailer raises full-year guidance citing massive holiday sales volume,Bullish,1.453
E-commerce retailer raises full-year guidance citing massive holiday sales volume,Bullish,1.376
E-commerce retailer raises full-year guidance citing massive holiday sales volume,Bullish,1.264
E-commerce retailer raises full-year guidance citing massive holiday sales volume,Bullish,1.5
E-commerce retailer raises full-year guidance citing massive holiday sales volume,Bullish,1.391
E-commerce retailer raises full-year guidance citing massive holiday sales volume,Bullish,1.676
E-commerce retailer raises full-year guidance citing massive holiday sales volume,Bullish,1.429
E-commerce retailer raises full-year guidance citing massive holiday sales volume,Bullish,1.438
E-commerce retailer raises full-year guidance citing massive holiday sales volume,Bullish,1.309
E-commerce retailer raises full-year guidance citing massive holiday sales volume,Bullish,1.386
Electric vehicle manufacturer exceeds quarterly vehicle delivery consensus by 18%,Bullish,1.977
Electric vehicle manufacturer exceeds quarterly vehicle delivery consensus by 18%,Bullish,1.472
Electric vehicle manufacturer exceeds quarterly vehicle delivery consensus by 18%,Bullish,1.563
Electric vehicle manufacturer exceeds quarterly vehicle delivery consensus by 18%,Bullish,2.086
Electric vehicle manufacturer exceeds quarterly vehicle delivery consensus by 18%,Bullish,1.943
Electric vehicle manufacturer exceeds quarterly vehicle delivery consensus by 18%,Bullish,1.854
Electric vehicle manufacturer exceeds quarterly vehicle delivery consensus by 18%,Bullish,1.905
Electric vehicle manufacturer exceeds quarterly vehicle delivery consensus by 18%,Bullish,1.987
Electric vehicle manufacturer exceeds quarterly vehicle delivery consensus by 18%,Bullish,1.765
Electric vehicle manufacturer exceeds quarterly vehicle delivery consensus by 18%,Bullish,1.705
Electric vehicle manufacturer exceeds quarterly vehicle delivery consensus by 18%,Bullish,1.949
Electric vehicle manufacturer exceeds quarterly vehicle delivery consensus by 18%,Bullish,1.655
Electric vehicle manufacturer exceeds quarterly vehicle delivery consensus by 18%,Bullish,2.002
Electric vehicle manufacturer exceeds quarterly vehicle delivery consensus by 18%,Bullish,1.474
Electric vehicle manufacturer exceeds quarterly vehicle delivery consensus by 18%,Bullish,2.157
Electric vehicle manufacturer exceeds quarterly vehicle delivery consensus by 18%,Bullish,2.018
Electric vehicle manufacturer exceeds quarterly vehicle delivery consensus by 18%,Bullish,1.964
Electric vehicle manufacturer exceeds quarterly vehicle delivery consensus by 18%,Bullish,2.146
Electric vehicle manufacturer exceeds quarterly vehicle delivery consensus by 18%,Bullish,2.316
Electric vehicle manufacturer exceeds quarterly vehicle delivery consensus by 18%,Bullish,2.154
Electric vehicle manufacturer exceeds quarterly vehicle delivery consensus by 18%,Bullish,1.44
Electric vehicle manufacturer exceeds quarterly vehicle delivery consensus by 18%,Bullish,1.58
Electric vehicle manufacturer exceeds quarterly vehicle delivery consensus by 18%,Bullish,1.744
Electric vehicle manufacturer exceeds quarterly vehicle delivery consensus by 18%,Bullish,1.907
Electric vehicle manufacturer exceeds quarterly vehicle delivery consensus by 18%,Bullish,2.029
Electric vehicle manufacturer exceeds quarterly vehicle delivery consensus by 18%,Bullish,1.719
Electric vehicle manufacturer exceeds quarterly vehicle delivery consensus by 18%,Bullish,1.947
Electric vehicle manufacturer exceeds quarterly vehicle delivery consensus by 18%,Bullish,1.711
Electric vehicle manufacturer exceeds quarterly vehicle delivery consensus by 18%,Bullish,1.747
Electric vehicle manufacturer exceeds quarterly vehicle delivery consensus by 18%,Bullish,1.548
Electric vehicle manufacturer exceeds quarterly vehicle delivery consensus by 18%,Bullish,1.669
Electric vehicle manufacturer exceeds quarterly vehicle delivery consensus by 18%,Bullish,1.562
Electric vehicle manufacturer exceeds quarterly vehicle delivery consensus by 18%,Bullish,1.656
Electric vehicle manufacturer exceeds quarterly vehicle delivery consensus by 18%,Bullish,2.163
Electric vehicle manufacturer exceeds quarterly vehicle delivery consensus by 18%,Bullish,1.663
Electric vehicle manufacturer exceeds quarterly vehicle delivery consensus by 18%,Bullish,2.558
Electric vehicle manufacturer exceeds quarterly vehicle delivery consensus by 18%,Bullish,2.023
Electric vehicle manufacturer exceeds quarterly vehicle delivery consensus by 18%,Bullish,1.946
Electric vehicle manufacturer exceeds quarterly vehicle delivery consensus by 18%,Bullish,1.685
Electric vehicle manufacturer exceeds quarterly vehicle delivery consensus by 18%,Bullish,2.075
Electric vehicle manufacturer exceeds quarterly vehicle delivery consensus by 18%,Bullish,1.756
Electric vehicle manufacturer exceeds quarterly vehicle delivery consensus by 18%,Bullish,1.931
Electric vehicle manufacturer exceeds quarterly vehicle delivery consensus by 18%,Bullish,2.54
Electric vehicle manufacturer exceeds quarterly vehicle delivery consensus by 18%,Bullish,1.876
Electric vehicle manufacturer exceeds quarterly vehicle delivery consensus by 18%,Bullish,2.187
Electric vehicle manufacturer exceeds quarterly vehicle delivery consensus by 18%,Bullish,1.724
Electric vehicle manufacturer exceeds quarterly vehicle delivery consensus by 18%,Bullish,1.891
Electric vehicle manufacturer exceeds quarterly vehicle delivery consensus by 18%,Bullish,2.343
Electric vehicle manufacturer exceeds quarterly vehicle delivery consensus by 18%,Bullish,1.743
Electric vehicle manufacturer exceeds quarterly vehicle delivery consensus by 18%,Bullish,2.353
Electric vehicle manufacturer exceeds quarterly vehicle delivery consensus by 18%,Bullish,2.077
Electric vehicle manufacturer exceeds quarterly vehicle delivery consensus by 18%,Bullish,1.759
Electric vehicle manufacturer exceeds quarterly vehicle delivery consensus by 18%,Bullish,2.058
Electric vehicle manufacturer exceeds quarterly vehicle delivery consensus by 18%,Bullish,2.143
Electric vehicle manufacturer exceeds quarterly vehicle delivery consensus by 18%,Bullish,2.055
Electric vehicle manufacturer exceeds quarterly vehicle delivery consensus by 18%,Bullish,1.507
Electric vehicle manufacturer exceeds quarterly vehicle delivery consensus by 18%,Bullish,1.718
Electric vehicle manufacturer exceeds quarterly vehicle delivery consensus by 18%,Bullish,1.838
Electric vehicle manufacturer exceeds quarterly vehicle delivery consensus by 18%,Bullish,1.881
Electric vehicle manufacturer exceeds quarterly vehicle delivery consensus by 18%,Bullish,2.055
Electric vehicle manufacturer exceeds quarterly vehicle delivery consensus by 18%,Bullish,1.944
Electric vehicle manufacturer exceeds quarterly vehicle delivery consensus by 18%,Bullish,1.566
Electric vehicle manufacturer exceeds quarterly vehicle delivery consensus by 18%,Bullish,1.995
Electric vehicle manufacturer exceeds quarterly vehicle delivery consensus by 18%,Bullish,2.053
Electric vehicle manufacturer exceeds quarterly vehicle delivery consensus by 18%,Bullish,2.04
Electric vehicle manufacturer exceeds quarterly vehicle delivery consensus by 18%,Bullish,2.17
Electric vehicle manufacturer exceeds quarterly vehicle delivery consensus by 18%,Bullish,2.108
Electric vehicle manufacturer exceeds quarterly vehicle delivery consensus by 18%,Bullish,2.015
Electric vehicle manufacturer exceeds quarterly vehicle delivery consensus by 18%,Bullish,1.882
Electric vehicle manufacturer exceeds quarterly vehicle delivery consensus by 18%,Bullish,1.485
Electric vehicle manufacturer exceeds quarterly vehicle delivery consensus by 18%,Bullish,2.007
Electric vehicle manufacturer exceeds quarterly vehicle delivery consensus by 18%,Bullish,1.952
Electric vehicle manufacturer exceeds quarterly vehicle delivery consensus by 18%,Bullish,1.968
Electric vehicle manufacturer exceeds quarterly vehicle delivery consensus by 18%,Bullish,1.581
Electric vehicle manufacturer exceeds quarterly vehicle delivery consensus by 18%,Bullish,1.63
Electric vehicle manufacturer exceeds quarterly vehicle delivery consensus by 18%,Bullish,2.163
Electric vehicle manufacturer exceeds quarterly vehicle delivery consensus by 18%,Bullish,1.89
Electric vehicle manufacturer exceeds quarterly vehicle delivery consensus by 18%,Bullish,2.07
Electric vehicle manufacturer exceeds quarterly vehicle delivery consensus by 18%,Bullish,1.907
Electric vehicle manufacturer exceeds quarterly vehicle delivery consensus by 18%,Bullish,1.907
Electric vehicle manufacturer exceeds quarterly vehicle delivery consensus by 18%,Bullish,2.135
Electric vehicle manufacturer exceeds quarterly vehicle delivery consensus by 18%,Bullish,1.771
Electric vehicle manufacturer exceeds quarterly vehicle delivery consensus by 18%,Bullish,1.924
Electric vehicle manufacturer exceeds quarterly vehicle delivery consensus by 18%,Bullish,1.784
Electric vehicle manufacturer exceeds quarterly vehicle delivery consensus by 18%,Bullish,1.791
Electric vehicle manufacturer exceeds quarterly vehicle delivery consensus by 18%,Bullish,1.823
Electric vehicle manufacturer exceeds quarterly vehicle delivery consensus by 18%,Bullish,1.956
Electric vehicle manufacturer exceeds quarterly vehicle delivery consensus by 18%,Bullish,1.78
Electric vehicle manufacturer exceeds quarterly vehicle delivery consensus by 18%,Bullish,2.214
Electric vehicle manufacturer exceeds quarterly vehicle delivery consensus by 18%,Bullish,1.676
Electric vehicle manufacturer exceeds quarterly vehicle delivery consensus by 18%,Bullish,1.853
Electric vehicle manufacturer exceeds quarterly vehicle delivery consensus by 18%,Bullish,1.79
Electric vehicle manufacturer exceeds quarterly vehicle delivery consensus by 18%,Bullish,2.262
Electric vehicle manufacturer exceeds quarterly vehicle delivery consensus by 18%,Bullish,1.949
Electric vehicle manufacturer exceeds quarterly vehicle delivery consensus by 18%,Bullish,2.158
Electric vehicle manufacturer exceeds quarterly vehicle delivery consensus by 18%,Bullish,1.529
Electric vehicle manufacturer exceeds quarterly vehicle delivery consensus by 18%,Bullish,1.967
Electric vehicle manufacturer exceeds quarterly vehicle delivery consensus by 18%,Bullish,2.122
Electric vehicle manufacturer exceeds quarterly vehicle delivery consensus by 18%,Bullish,1.921
Electric vehicle manufacturer exceeds quarterly vehicle delivery consensus by 18%,Bullish,2.166
Electric vehicle manufacturer exceeds quarterly vehicle delivery consensus by 18%,Bullish,1.771
Electric vehicle manufacturer exceeds quarterly vehicle delivery consensus by 18%,Bullish,2.252
Electric vehicle manufacturer exceeds quarterly vehicle delivery consensus by 18%,Bullish,2.475
Electric vehicle manufacturer exceeds quarterly vehicle delivery consensus by 18%,Bullish,1.809
Electric vehicle manufacturer exceeds quarterly vehicle delivery consensus by 18%,Bullish,1.789
Electric vehicle manufacturer exceeds quarterly vehicle delivery consensus by 18%,Bullish,2.263
Electric vehicle manufacturer exceeds quarterly vehicle delivery consensus by 18%,Bullish,2.295
Electric vehicle manufacturer exceeds quarterly vehicle delivery consensus by 18%,Bullish,1.769
Electric vehicle manufacturer exceeds quarterly vehicle delivery consensus by 18%,Bullish,1.795
Electric vehicle manufacturer exceeds quarterly vehicle delivery consensus by 18%,Bullish,1.83
Electric vehicle manufacturer exceeds quarterly vehicle delivery consensus by 18%,Bullish,1.564
Electric vehicle manufacturer exceeds quarterly vehicle delivery consensus by 18%,Bullish,1.67
Electric vehicle manufacturer exceeds quarterly vehicle delivery consensus by 18%,Bullish,1.649
Electric vehicle manufacturer exceeds quarterly vehicle delivery consensus by 18%,Bullish,1.708
Electric vehicle manufacturer exceeds quarterly vehicle delivery consensus by 18%,Bullish,1.891
Electric vehicle manufacturer exceeds quarterly vehicle delivery consensus by 18%,Bullish,1.959
Electric vehicle manufacturer exceeds quarterly vehicle delivery consensus by 18%,Bullish,2.288
Electric vehicle manufacturer exceeds quarterly vehicle delivery consensus by 18%,Bullish,1.65
Electric vehicle manufacturer exceeds quarterly vehicle delivery consensus by 18%,Bullish,2.146
Electric vehicle manufacturer exceeds quarterly vehicle delivery consensus by 18%,Bullish,1.847
Central bank raises benchmark interest rate by 50 bps triggering market selloff,Bearish,-1.712
Central bank raises benchmark interest rate by 50 bps triggering market selloff,Bearish,-1.531
Central bank raises benchmark interest rate by 50 bps triggering market selloff,Bearish,-1.981
Central bank raises benchmark interest rate by 50 bps triggering market selloff,Bearish,-1.604
Central bank raises benchmark interest rate by 50 bps triggering market selloff,Bearish,-1.658
Central bank raises benchmark interest rate by 50 bps triggering market selloff,Bearish,-1.577
Central bank raises benchmark interest rate by 50 bps triggering market selloff,Bearish,-1.628
Central bank raises benchmark interest rate by 50 bps triggering market selloff,Bearish,-1.086
Central bank raises benchmark interest rate by 50 bps triggering market selloff,Bearish,-1.859
Central bank raises benchmark interest rate by 50 bps triggering market selloff,Bearish,-1.833
Central bank raises benchmark interest rate by 50 bps triggering market selloff,Bearish,-1.856
Central bank raises benchmark interest rate by 50 bps triggering market selloff,Bearish,-1.839
Central bank raises benchmark interest rate by 50 bps triggering market selloff,Bearish,-1.859
Central bank raises benchmark interest rate by 50 bps triggering market selloff,Bearish,-1.403
Central bank raises benchmark interest rate by 50 bps triggering market selloff,Bearish,-1.345
Central bank raises benchmark interest rate by 50 bps triggering market selloff,Bearish,-1.843
Central bank raises benchmark interest rate by 50 bps triggering market selloff,Bearish,-1.908
Central bank raises benchmark interest rate by 50 bps triggering market selloff,Bearish,-1.582
Central bank raises benchmark interest rate by 50 bps triggering market selloff,Bearish,-1.838
Central bank raises benchmark interest rate by 50 bps triggering market selloff,Bearish,-1.542
Central bank raises benchmark interest rate by 50 bps triggering market selloff,Bearish,-1.649
Central bank raises benchmark interest rate by 50 bps triggering market selloff,Bearish,-2.079
Central bank raises benchmark interest rate by 50 bps triggering market selloff,Bearish,-1.313
Central bank raises benchmark interest rate by 50 bps triggering market selloff,Bearish,-1.251
Central bank raises benchmark interest rate by 50 bps triggering market selloff,Bearish,-1.853
Central bank raises benchmark interest rate by 50 bps triggering market selloff,Bearish,-1.797
Central bank raises benchmark interest rate by 50 bps triggering market selloff,Bearish,-1.629
Central bank raises benchmark interest rate by 50 bps triggering market selloff,Bearish,-1.616
Central bank raises benchmark interest rate by 50 bps triggering market selloff,Bearish,-1.535
Central bank raises benchmark interest rate by 50 bps triggering market selloff,Bearish,-1.197
Central bank raises benchmark interest rate by 50 bps triggering market selloff,Bearish,-1.744
Central bank raises benchmark interest rate by 50 bps triggering market selloff,Bearish,-1.9
Central bank raises benchmark interest rate by 50 bps triggering market selloff,Bearish,-2.045
Central bank raises benchmark interest rate by 50 bps triggering market selloff,Bearish,-1.883
Central bank raises benchmark interest rate by 50 bps triggering market selloff,Bearish,-1.708
Central bank raises benchmark interest rate by 50 bps triggering market selloff,Bearish,-1.251
Central bank raises benchmark interest rate by 50 bps triggering market selloff,Bearish,-1.829
Central bank raises benchmark interest rate by 50 bps triggering market selloff,Bearish,-1.644
Central bank raises benchmark interest rate by 50 bps triggering market selloff,Bearish,-1.704
Central bank raises benchmark interest rate by 50 bps triggering market selloff,Bearish,-1.403
Central bank raises benchmark interest rate by 50 bps triggering market selloff,Bearish,-1.068
Central bank raises benchmark interest rate by 50 bps triggering market selloff,Bearish,-1.833
Central bank raises benchmark interest rate by 50 bps triggering market selloff,Bearish,-1.822
Central bank raises benchmark interest rate by 50 bps triggering market selloff,Bearish,-1.439
Central bank raises benchmark interest rate by 50 bps triggering market selloff,Bearish,-1.53
Central bank raises benchmark interest rate by 50 bps triggering market selloff,Bearish,-1.238
Central bank raises benchmark interest rate by 50 bps triggering market selloff,Bearish,-1.554
Central bank raises benchmark interest rate by 50 bps triggering market selloff,Bearish,-1.79
Central bank raises benchmark interest rate by 50 bps triggering market selloff,Bearish,-1.552
Central bank raises benchmark interest rate by 50 bps triggering market selloff,Bearish,-1.423
Central bank raises benchmark interest rate by 50 bps triggering market selloff,Bearish,-1.495
Central bank raises benchmark interest rate by 50 bps triggering market selloff,Bearish,-1.573
Central bank raises benchmark interest rate by 50 bps triggering market selloff,Bearish,-1.433
Central bank raises benchmark interest rate by 50 bps triggering market selloff,Bearish,-1.408
Central bank raises benchmark interest rate by 50 bps triggering market selloff,Bearish,-1.354
Central bank raises benchmark interest rate by 50 bps triggering market selloff,Bearish,-1.538
Central bank raises benchmark interest rate by 50 bps triggering market selloff,Bearish,-1.742
Central bank raises benchmark interest rate by 50 bps triggering market selloff,Bearish,-1.663
Central bank raises benchmark interest rate by 50 bps triggering market selloff,Bearish,-1.398
Central bank raises benchmark interest rate by 50 bps triggering market selloff,Bearish,-1.904
Central bank raises benchmark interest rate by 50 bps triggering market selloff,Bearish,-1.608
Central bank raises benchmark interest rate by 50 bps triggering market selloff,Bearish,-1.798
Central bank raises benchmark interest rate by 50 bps triggering market selloff,Bearish,-1.693
Central bank raises benchmark interest rate by 50 bps triggering market selloff,Bearish,-1.38
Central bank raises benchmark interest rate by 50 bps triggering market selloff,Bearish,-1.652
Central bank raises benchmark interest rate by 50 bps triggering market selloff,Bearish,-1.688
Central bank raises benchmark interest rate by 50 bps triggering market selloff,Bearish,-2.04
Central bank raises benchmark interest rate by 50 bps triggering market selloff,Bearish,-1.513
Central bank raises benchmark interest rate by 50 bps triggering market selloff,Bearish,-1.539
Central bank raises benchmark interest rate by 50 bps triggering market selloff,Bearish,-1.159
Central bank raises benchmark interest rate by 50 bps triggering market selloff,Bearish,-1.777
Central bank raises benchmark interest rate by 50 bps triggering market selloff,Bearish,-1.645
Central bank raises benchmark interest rate by 50 bps triggering market selloff,Bearish,-1.638
Central bank raises benchmark interest rate by 50 bps triggering market selloff,Bearish,-1.306
Central bank raises benchmark interest rate by 50 bps triggering market selloff,Bearish,-1.724
Central bank raises benchmark interest rate by 50 bps triggering market selloff,Bearish,-1.63
Central bank raises benchmark interest rate by 50 bps triggering market selloff,Bearish,-1.548
Central bank raises benchmark interest rate by 50 bps triggering market selloff,Bearish,-1.653
Central bank raises benchmark interest rate by 50 bps triggering market selloff,Bearish,-1.812
Central bank raises benchmark interest rate by 50 bps triggering market selloff,Bearish,-1.651
Central bank raises benchmark interest rate by 50 bps triggering market selloff,Bearish,-1.432
Central bank raises benchmark interest rate by 50 bps triggering market selloff,Bearish,-1.957
Central bank raises benchmark interest rate by 50 bps triggering market selloff,Bearish,-1.667
Central bank raises benchmark interest rate by 50 bps triggering market selloff,Bearish,-1.875
Central bank raises benchmark interest rate by 50 bps triggering market selloff,Bearish,-1.401
Central bank raises benchmark interest rate by 50 bps triggering market selloff,Bearish,-2.081
Central bank raises benchmark interest rate by 50 bps triggering market selloff,Bearish,-1.84
Central bank raises benchmark interest rate by 50 bps triggering market selloff,Bearish,-1.606
Central bank raises benchmark interest rate by 50 bps triggering market selloff,Bearish,-1.309
Central bank raises benchmark interest rate by 50 bps triggering market selloff,Bearish,-1.716
Central bank raises benchmark interest rate by 50 bps triggering market selloff,Bearish,-1.839
Central bank raises benchmark interest rate by 50 bps triggering market selloff,Bearish,-1.23
Central bank raises benchmark interest rate by 50 bps triggering market selloff,Bearish,-2.062
Central bank raises benchmark interest rate by 50 bps triggering market selloff,Bearish,-2.25
Central bank raises benchmark interest rate by 50 bps triggering market selloff,Bearish,-1.59
Central bank raises benchmark interest rate by 50 bps triggering market selloff,Bearish,-1.826
Central bank raises benchmark interest rate by 50 bps triggering market selloff,Bearish,-1.955
Central bank raises benchmark interest rate by 50 bps triggering market selloff,Bearish,-1.523
Central bank raises benchmark interest rate by 50 bps triggering market selloff,Bearish,-1.639
Central bank raises benchmark interest rate by 50 bps triggering market selloff,Bearish,-1.841
Central bank raises benchmark interest rate by 50 bps triggering market selloff,Bearish,-2.02
Central bank raises benchmark interest rate by 50 bps triggering market selloff,Bearish,-1.482
Central bank raises benchmark interest rate by 50 bps triggering market selloff,Bearish,-1.537
Central bank raises benchmark interest rate by 50 bps triggering market selloff,Bearish,-1.725
Central bank raises benchmark interest rate by 50 bps triggering market selloff,Bearish,-1.238
Central bank raises benchmark interest rate by 50 bps triggering market selloff,Bearish,-1.968
Central bank raises benchmark interest rate by 50 bps triggering market selloff,Bearish,-2.081
Central bank raises benchmark interest rate by 50 bps triggering market selloff,Bearish,-1.873
Central bank raises benchmark interest rate by 50 bps triggering market selloff,Bearish,-1.711
Central bank raises benchmark interest rate by 50 bps triggering market selloff,Bearish,-1.639
Central bank raises benchmark interest rate by 50 bps triggering market selloff,Bearish,-1.76
Central bank raises benchmark interest rate by 50 bps triggering market selloff,Bearish,-1.612
Central bank raises benchmark interest rate by 50 bps triggering market selloff,Bearish,-2.013
Central bank raises benchmark interest rate by 50 bps triggering market selloff,Bearish,-1.339
Central bank raises benchmark interest rate by 50 bps triggering market selloff,Bearish,-1.721
Central bank raises benchmark interest rate by 50 bps triggering market selloff,Bearish,-1.421
Central bank raises benchmark interest rate by 50 bps triggering market selloff,Bearish,-1.614
Central bank raises benchmark interest rate by 50 bps triggering market selloff,Bearish,-1.586
Central bank raises benchmark interest rate by 50 bps triggering market selloff,Bearish,-1.558
Central bank raises benchmark interest rate by 50 bps triggering market selloff,Bearish,-1.588
Automaker announces massive global recall of 650000 vehicles due to battery defect,Bearish,-2.139
Automaker announces massive global recall of 650000 vehicles due to battery defect,Bearish,-1.968
Automaker announces massive global recall of 650000 vehicles due to battery defect,Bearish,-2.251
Automaker announces massive global recall of 650000 vehicles due to battery defect,Bearish,-2.123
Automaker announces massive global recall of 650000 vehicles due to battery defect,Bearish,-2.322
Automaker announces massive global recall of 650000 vehicles due to battery defect,Bearish,-1.94
Automaker announces massive global recall of 650000 vehicles due to battery defect,Bearish,-2.469
Automaker announces massive global recall of 650000 vehicles due to battery defect,Bearish,-1.85
Automaker announces massive global recall of 650000 vehicles due to battery defect,Bearish,-2.31
Automaker announces massive global recall of 650000 vehicles due to battery defect,Bearish,-2.658
Automaker announces massive global recall of 650000 vehicles due to battery defect,Bearish,-2.268
Automaker announces massive global recall of 650000 vehicles due to battery defect,Bearish,-2.47
Automaker announces massive global recall of 650000 vehicles due to battery defect,Bearish,-2.09
Automaker announces massive global recall of 650000 vehicles due to battery defect,Bearish,-2.463
Automaker announces massive global recall of 650000 vehicles due to battery defect,Bearish,-2.412
Automaker announces massive global recall of 650000 vehicles due to battery defect,Bearish,-2.772
Automaker announces massive global recall of 650000 vehicles due to battery defect,Bearish,-2.413
Automaker announces massive global recall of 650000 vehicles due to battery defect,Bearish,-2.906
Automaker announces massive global recall of 650000 vehicles due to battery defect,Bearish,-2.696
Automaker announces massive global recall of 650000 vehicles due to battery defect,Bearish,-2.11
Automaker announces massive global recall of 650000 vehicles due to battery defect,Bearish,-2.104
Automaker announces massive global recall of 650000 vehicles due to battery defect,Bearish,-2.194
Automaker announces massive global recall of 650000 vehicles due to battery defect,Bearish,-2.542
Automaker announces massive global recall of 650000 vehicles due to battery defect,Bearish,-2.312
Automaker announces massive global recall of 650000 vehicles due to battery defect,Bearish,-2.301
Automaker announces massive global recall of 650000 vehicles due to battery defect,Bearish,-2.59
Automaker announces massive global recall of 650000 vehicles due to battery defect,Bearish,-1.924
Automaker announces massive global recall of 650000 vehicles due to battery defect,Bearish,-2.081
Automaker announces massive global recall of 650000 vehicles due to battery defect,Bearish,-2.355
Automaker announces massive global recall of 650000 vehicles due to battery defect,Bearish,-2.293
Automaker announces massive global recall of 650000 vehicles due to battery defect,Bearish,-2.248
Automaker announces massive global recall of 650000 vehicles due to battery defect,Bearish,-2.81
Automaker announces massive global recall of 650000 vehicles due to battery defect,Bearish,-2.362
Automaker announces massive global recall of 650000 vehicles due to battery defect,Bearish,-2.47
Automaker announces massive global recall of 650000 vehicles due to battery defect,Bearish,-2.55
Automaker announces massive global recall of 650000 vehicles due to battery defect,Bearish,-2.37
Automaker announces massive global recall of 650000 vehicles due to battery defect,Bearish,-1.851
Automaker announces massive global recall of 650000 vehicles due to battery defect,Bearish,-2.14
Automaker announces massive global recall of 650000 vehicles due to battery defect,Bearish,-2.443
Automaker announces massive global recall of 650000 vehicles due to battery defect,Bearish,-2.157
Automaker announces massive global recall of 650000 vehicles due to battery defect,Bearish,-1.95
Automaker announces massive global recall of 650000 vehicles due to battery defect,Bearish,-2.069
Automaker announces massive global recall of 650000 vehicles due to battery defect,Bearish,-2.285
Automaker announces massive global recall of 650000 vehicles due to battery defect,Bearish,-2.462
Automaker announces massive global recall of 650000 vehicles due to battery defect,Bearish,-2.125
Automaker announces massive global recall of 650000 vehicles due to battery defect,Bearish,-2.202
Automaker announces massive global recall of 650000 vehicles due to battery defect,Bearish,-2.076
Automaker announces massive global recall of 650000 vehicles due to battery defect,Bearish,-2.141
Automaker announces massive global recall of 650000 vehicles due to battery defect,Bearish,-2.038
Automaker announces massive global recall of 650000 vehicles due to battery defect,Bearish,-2.434
Automaker announces massive global recall of 650000 vehicles due to battery defect,Bearish,-1.971
Automaker announces massive global recall of 650000 vehicles due to battery defect,Bearish,-2.251
Automaker announces massive global recall of 650000 vehicles due to battery defect,Bearish,-1.781
Automaker announces massive global recall of 650000 vehicles due to battery defect,Bearish,-2.472
Automaker announces massive global recall of 650000 vehicles due to battery defect,Bearish,-1.866
Automaker announces massive global recall of 650000 vehicles due to battery defect,Bearish,-2.251
Automaker announces massive global recall of 650000 vehicles due to battery defect,Bearish,-2.463
Automaker announces massive global recall of 650000 vehicles due to battery defect,Bearish,-2.421
Automaker announces massive global recall of 650000 vehicles due to battery defect,Bearish,-2.38
Automaker announces massive global recall of 650000 vehicles due to battery defect,Bearish,-2.194
Automaker announces massive global recall of 650000 vehicles due to battery defect,Bearish,-2.169
Automaker announces massive global recall of 650000 vehicles due to battery defect,Bearish,-2.443
Automaker announces massive global recall of 650000 vehicles due to battery defect,Bearish,-2.306
Automaker announces massive global recall of 650000 vehicles due to battery defect,Bearish,-1.764
Automaker announces massive global recall of 650000 vehicles due to battery defect,Bearish,-1.868
Automaker announces massive global recall of 650000 vehicles due to battery defect,Bearish,-2.191
Automaker announces massive global recall of 650000 vehicles due to battery defect,Bearish,-2.29
Automaker announces massive global recall of 650000 vehicles due to battery defect,Bearish,-2.27
Automaker announces massive global recall of 650000 vehicles due to battery defect,Bearish,-2.147
Automaker announces massive global recall of 650000 vehicles due to battery defect,Bearish,-2.556
Automaker announces massive global recall of 650000 vehicles due to battery defect,Bearish,-2.364
Automaker announces massive global recall of 650000 vehicles due to battery defect,Bearish,-2.717
Automaker announces massive global recall of 650000 vehicles due to battery defect,Bearish,-2.2
Automaker announces massive global recall of 650000 vehicles due to battery defect,Bearish,-2.138
Automaker announces massive global recall of 650000 vehicles due to battery defect,Bearish,-2.421
Automaker announces massive global recall of 650000 vehicles due to battery defect,Bearish,-1.907
Automaker announces massive global recall of 650000 vehicles due to battery defect,Bearish,-2.606
Automaker announces massive global recall of 650000 vehicles due to battery defect,Bearish,-2.666
Automaker announces massive global recall of 650000 vehicles due to battery defect,Bearish,-2.244
Automaker announces massive global recall of 650000 vehicles due to battery defect,Bearish,-2.038
Automaker announces massive global recall of 650000 vehicles due to battery defect,Bearish,-1.879
Automaker announces massive global recall of 650000 vehicles due to battery defect,Bearish,-2.415
Automaker announces massive global recall of 650000 vehicles due to battery defect,Bearish,-2.03
Automaker announces massive global recall of 650000 vehicles due to battery defect,Bearish,-2.31
Automaker announces massive global recall of 650000 vehicles due to battery defect,Bearish,-2.343
Automaker announces massive global recall of 650000 vehicles due to battery defect,Bearish,-2.079
Automaker announces massive global recall of 650000 vehicles due to battery defect,Bearish,-2.137
Automaker announces massive global recall of 650000 vehicles due to battery defect,Bearish,-2.694
Automaker announces massive global recall of 650000 vehicles due to battery defect,Bearish,-1.931
Automaker announces massive global recall of 650000 vehicles due to battery defect,Bearish,-1.955
Automaker announces massive global recall of 650000 vehicles due to battery defect,Bearish,-2.456
Automaker announces massive global recall of 650000 vehicles due to battery defect,Bearish,-2.201
Automaker announces massive global recall of 650000 vehicles due to battery defect,Bearish,-2.176
Automaker announces massive global recall of 650000 vehicles due to battery defect,Bearish,-2.235
Automaker announces massive global recall of 650000 vehicles due to battery defect,Bearish,-2.438
Automaker announces massive global recall of 650000 vehicles due to battery defect,Bearish,-2.468
Automaker announces massive global recall of 650000 vehicles due to battery defect,Bearish,-2.306
Automaker announces massive global recall of 650000 vehicles due to battery defect,Bearish,-2.007
Automaker announces massive global recall of 650000 vehicles due to battery defect,Bearish,-2.164
Automaker announces massive global recall of 650000 vehicles due to battery defect,Bearish,-2.393
Automaker announces massive global recall of 650000 vehicles due to battery defect,Bearish,-2.107
Automaker announces massive global recall of 650000 vehicles due to battery defect,Bearish,-3.012
Automaker announces massive global recall of 650000 vehicles due to battery defect,Bearish,-2.013
Automaker announces massive global recall of 650000 vehicles due to battery defect,Bearish,-2.735
Automaker announces massive global recall of 650000 vehicles due to battery defect,Bearish,-2.391
Automaker announces massive global recall of 650000 vehicles due to battery defect,Bearish,-2.58
Automaker announces massive global recall of 650000 vehicles due to battery defect,Bearish,-2.624
Automaker announces massive global recall of 650000 vehicles due to battery defect,Bearish,-2.01
Automaker announces massive global recall of 650000 vehicles due to battery defect,Bearish,-2.417
Automaker announces massive global recall of 650000 vehicles due to battery defect,Bearish,-2.213
Automaker announces massive global recall of 650000 vehicles due to battery defect,Bearish,-2.312
Automaker announces massive global recall of 650000 vehicles due to battery defect,Bearish,-2.181
Automaker announces massive global recall of 650000 vehicles due to battery defect,Bearish,-2.281
Automaker announces massive global recall of 650000 vehicles due to battery defect,Bearish,-2.621
Automaker announces massive global recall of 650000 vehicles due to battery defect,Bearish,-2.051
Automaker announces massive global recall of 650000 vehicles due to battery defect,Bearish,-2.423
Automaker announces massive global recall of 650000 vehicles due to battery defect,Bearish,-2.689
Automaker announces massive global recall of 650000 vehicles due to battery defect,Bearish,-2.407
Automaker announces massive global recall of 650000 vehicles due to battery defect,Bearish,-1.925
Automaker announces massive global recall of 650000 vehicles due to battery defect,Bearish,-2.087
Retail conglomerate slashes full year profit forecast amid consumer spending downturn,Bearish,-2.087
Retail conglomerate slashes full year profit forecast amid consumer spending downturn,Bearish,-2.087
Retail conglomerate slashes full year profit forecast amid consumer spending downturn,Bearish,-2.08
Retail conglomerate slashes full year profit forecast amid consumer spending downturn,Bearish,-1.481
Retail conglomerate slashes full year profit forecast amid consumer spending downturn,Bearish,-1.905
Retail conglomerate slashes full year profit forecast amid consumer spending downturn,Bearish,-1.892
Retail conglomerate slashes full year profit forecast amid consumer spending downturn,Bearish,-1.742
Retail conglomerate slashes full year profit forecast amid consumer spending downturn,Bearish,-1.94
Retail conglomerate slashes full year profit forecast amid consumer spending downturn,Bearish,-2.065
Retail conglomerate slashes full year profit forecast amid consumer spending downturn,Bearish,-2.049
Retail conglomerate slashes full year profit forecast amid consumer spending downturn,Bearish,-2.018
Retail conglomerate slashes full year profit forecast amid consumer spending downturn,Bearish,-2.009
Retail conglomerate slashes full year profit forecast amid consumer spending downturn,Bearish,-1.818
Retail conglomerate slashes full year profit forecast amid consumer spending downturn,Bearish,-1.987
Retail conglomerate slashes full year profit forecast amid consumer spending downturn,Bearish,-1.817
Retail conglomerate slashes full year profit forecast amid consumer spending downturn,Bearish,-2.02
Retail conglomerate slashes full year profit forecast amid consumer spending downturn,Bearish,-1.98
Retail conglomerate slashes full year profit forecast amid consumer spending downturn,Bearish,-2.5
Retail conglomerate slashes full year profit forecast amid consumer spending downturn,Bearish,-1.771
Retail conglomerate slashes full year profit forecast amid consumer spending downturn,Bearish,-1.913
Retail conglomerate slashes full year profit forecast amid consumer spending downturn,Bearish,-1.75
Retail conglomerate slashes full year profit forecast amid consumer spending downturn,Bearish,-2.724
Retail conglomerate slashes full year profit forecast amid consumer spending downturn,Bearish,-1.478
Retail conglomerate slashes full year profit forecast amid consumer spending downturn,Bearish,-2.035
Retail conglomerate slashes full year profit forecast amid consumer spending downturn,Bearish,-1.723
Retail conglomerate slashes full year profit forecast amid consumer spending downturn,Bearish,-2.26
Retail conglomerate slashes full year profit forecast amid consumer spending downturn,Bearish,-1.847
Retail conglomerate slashes full year profit forecast amid consumer spending downturn,Bearish,-2.263
Retail conglomerate slashes full year profit forecast amid consumer spending downturn,Bearish,-2.156
Retail conglomerate slashes full year profit forecast amid consumer spending downturn,Bearish,-1.521
Retail conglomerate slashes full year profit forecast amid consumer spending downturn,Bearish,-2.048
Retail conglomerate slashes full year profit forecast amid consumer spending downturn,Bearish,-1.946
Retail conglomerate slashes full year profit forecast amid consumer spending downturn,Bearish,-1.782
Retail conglomerate slashes full year profit forecast amid consumer spending downturn,Bearish,-1.876
Retail conglomerate slashes full year profit forecast amid consumer spending downturn,Bearish,-1.962
Retail conglomerate slashes full year profit forecast amid consumer spending downturn,Bearish,-1.909
Retail conglomerate slashes full year profit forecast amid consumer spending downturn,Bearish,-1.399
Retail conglomerate slashes full year profit forecast amid consumer spending downturn,Bearish,-2.014
Retail conglomerate slashes full year profit forecast amid consumer spending downturn,Bearish,-1.95
Retail conglomerate slashes full year profit forecast amid consumer spending downturn,Bearish,-1.737
Retail conglomerate slashes full year profit forecast amid consumer spending downturn,Bearish,-1.724
Retail conglomerate slashes full year profit forecast amid consumer spending downturn,Bearish,-1.703
Retail conglomerate slashes full year profit forecast amid consumer spending downturn,Bearish,-1.84
Retail conglomerate slashes full year profit forecast amid consumer spending downturn,Bearish,-2.286
Retail conglomerate slashes full year profit forecast amid consumer spending downturn,Bearish,-1.592
Retail conglomerate slashes full year profit forecast amid consumer spending downturn,Bearish,-2.287
Retail conglomerate slashes full year profit forecast amid consumer spending downturn,Bearish,-1.924
Retail conglomerate slashes full year profit forecast amid consumer spending downturn,Bearish,-2.189
Retail conglomerate slashes full year profit forecast amid consumer spending downturn,Bearish,-2.016
Retail conglomerate slashes full year profit forecast amid consumer spending downturn,Bearish,-1.918
Retail conglomerate slashes full year profit forecast amid consumer spending downturn,Bearish,-1.92
Retail conglomerate slashes full year profit forecast amid consumer spending downturn,Bearish,-1.895
Retail conglomerate slashes full year profit forecast amid consumer spending downturn,Bearish,-1.597
Retail conglomerate slashes full year profit forecast amid consumer spending downturn,Bearish,-1.887
Retail conglomerate slashes full year profit forecast amid consumer spending downturn,Bearish,-2.061
Retail conglomerate slashes full year profit forecast amid consumer spending downturn,Bearish,-1.759
Retail conglomerate slashes full year profit forecast amid consumer spending downturn,Bearish,-1.703
Retail conglomerate slashes full year profit forecast amid consumer spending downturn,Bearish,-2.307
Retail conglomerate slashes full year profit forecast amid consumer spending downturn,Bearish,-1.851
Retail conglomerate slashes full year profit forecast amid consumer spending downturn,Bearish,-1.825
Retail conglomerate slashes full year profit forecast amid consumer spending downturn,Bearish,-2.074
Retail conglomerate slashes full year profit forecast amid consumer spending downturn,Bearish,-1.656
Retail conglomerate slashes full year profit forecast amid consumer spending downturn,Bearish,-2.038
Retail conglomerate slashes full year profit forecast amid consumer spending downturn,Bearish,-1.969
Retail conglomerate slashes full year profit forecast amid consumer spending downturn,Bearish,-2.043
Retail conglomerate slashes full year profit forecast amid consumer spending downturn,Bearish,-1.996
Retail conglomerate slashes full year profit forecast amid consumer spending downturn,Bearish,-2.274
Retail conglomerate slashes full year profit forecast amid consumer spending downturn,Bearish,-2.36
Retail conglomerate slashes full year profit forecast amid consumer spending downturn,Bearish,-1.601
Retail conglomerate slashes full year profit forecast amid consumer spending downturn,Bearish,-2.212
Retail conglomerate slashes full year profit forecast amid consumer spending downturn,Bearish,-2.248
Retail conglomerate slashes full year profit forecast amid consumer spending downturn,Bearish,-2.538
Retail conglomerate slashes full year profit forecast amid consumer spending downturn,Bearish,-2.16
Retail conglomerate slashes full year profit forecast amid consumer spending downturn,Bearish,-2.331
Retail conglomerate slashes full year profit forecast amid consumer spending downturn,Bearish,-1.589
Retail conglomerate slashes full year profit forecast amid consumer spending downturn,Bearish,-1.748
Retail conglomerate slashes full year profit forecast amid consumer spending downturn,Bearish,-2.172
Retail conglomerate slashes full year profit forecast amid consumer spending downturn,Bearish,-1.437
Retail conglomerate slashes full year profit forecast amid consumer spending downturn,Bearish,-1.755
Retail conglomerate slashes full year profit forecast amid consumer spending downturn,Bearish,-2.081
Retail conglomerate slashes full year profit forecast amid consumer spending downturn,Bearish,-2.625
Retail conglomerate slashes full year profit forecast amid consumer spending downturn,Bearish,-1.427
Retail conglomerate slashes full year profit forecast amid consumer spending downturn,Bearish,-2.347
Retail conglomerate slashes full year profit forecast amid consumer spending downturn,Bearish,-2.411
Retail conglomerate slashes full year profit forecast amid consumer spending downturn,Bearish,-1.744
Retail conglomerate slashes full year profit forecast amid consumer spending downturn,Bearish,-1.39
Retail conglomerate slashes full year profit forecast amid consumer spending downturn,Bearish,-1.654
Retail conglomerate slashes full year profit forecast amid consumer spending downturn,Bearish,-1.859
Retail conglomerate slashes full year profit forecast amid consumer spending downturn,Bearish,-1.851
Retail conglomerate slashes full year profit forecast amid consumer spending downturn,Bearish,-1.787
Retail conglomerate slashes full year profit forecast amid consumer spending downturn,Bearish,-1.81
Retail conglomerate slashes full year profit forecast amid consumer spending downturn,Bearish,-1.93
Retail conglomerate slashes full year profit forecast amid consumer spending downturn,Bearish,-1.974
Retail conglomerate slashes full year profit forecast amid consumer spending downturn,Bearish,-2.016
Retail conglomerate slashes full year profit forecast amid consumer spending downturn,Bearish,-2.188
Retail conglomerate slashes full year profit forecast amid consumer spending downturn,Bearish,-2.07
Retail conglomerate slashes full year profit forecast amid consumer spending downturn,Bearish,-2.423
Retail conglomerate slashes full year profit forecast amid consumer spending downturn,Bearish,-2.025
Retail conglomerate slashes full year profit forecast amid consumer spending downturn,Bearish,-2.247
Retail conglomerate slashes full year profit forecast amid consumer spending downturn,Bearish,-2.276
Retail conglomerate slashes full year profit forecast amid consumer spending downturn,Bearish,-1.955
Retail conglomerate slashes full year profit forecast amid consumer spending downturn,Bearish,-1.652
Retail conglomerate slashes full year profit forecast amid consumer spending downturn,Bearish,-1.77
Retail conglomerate slashes full year profit forecast amid consumer spending downturn,Bearish,-2.393
Retail conglomerate slashes full year profit forecast amid consumer spending downturn,Bearish,-2.247
Retail conglomerate slashes full year profit forecast amid consumer spending downturn,Bearish,-1.765
Retail conglomerate slashes full year profit forecast amid consumer spending downturn,Bearish,-2.246
Retail conglomerate slashes full year profit forecast amid consumer spending downturn,Bearish,-2.056
Retail conglomerate slashes full year profit forecast amid consumer spending downturn,Bearish,-1.862
Retail conglomerate slashes full year profit forecast amid consumer spending downturn,Bearish,-2.242
Retail conglomerate slashes full year profit forecast amid consumer spending downturn,Bearish,-1.974
Retail conglomerate slashes full year profit forecast amid consumer spending downturn,Bearish,-2.334
Retail conglomerate slashes full year profit forecast amid consumer spending downturn,Bearish,-2.15
Retail conglomerate slashes full year profit forecast amid consumer spending downturn,Bearish,-1.92
Retail conglomerate slashes full year profit forecast amid consumer spending downturn,Bearish,-2.398
Retail conglomerate slashes full year profit forecast amid consumer spending downturn,Bearish,-1.89
Retail conglomerate slashes full year profit forecast amid consumer spending downturn,Bearish,-2.005
Retail conglomerate slashes full year profit forecast amid consumer spending downturn,Bearish,-1.862
Retail conglomerate slashes full year profit forecast amid consumer spending downturn,Bearish,-1.944
Retail conglomerate slashes full year profit forecast amid consumer spending downturn,Bearish,-1.659
Supply chain bottleneck causes severe factory shutdown and missed delivery targets,Bearish,-1.569
Supply chain bottleneck causes severe factory shutdown and missed delivery targets,Bearish,-1.707
Supply chain bottleneck causes severe factory shutdown and missed delivery targets,Bearish,-1.569
Supply chain bottleneck causes severe factory shutdown and missed delivery targets,Bearish,-1.464
Supply chain bottleneck causes severe factory shutdown and missed delivery targets,Bearish,-1.588
Supply chain bottleneck causes severe factory shutdown and missed delivery targets,Bearish,-1.59
Supply chain bottleneck causes severe factory shutdown and missed delivery targets,Bearish,-1.775
Supply chain bottleneck causes severe factory shutdown and missed delivery targets,Bearish,-1.766
Supply chain bottleneck causes severe factory shutdown and missed delivery targets,Bearish,-1.951
Supply chain bottleneck causes severe factory shutdown and missed delivery targets,Bearish,-1.163
Supply chain bottleneck causes severe factory shutdown and missed delivery targets,Bearish,-1.911
Supply chain bottleneck causes severe factory shutdown and missed delivery targets,Bearish,-1.773
Supply chain bottleneck causes severe factory shutdown and missed delivery targets,Bearish,-1.78
Supply chain bottleneck causes severe factory shutdown and missed delivery targets,Bearish,-1.376
Supply chain bottleneck causes severe factory shutdown and missed delivery targets,Bearish,-1.674
Supply chain bottleneck causes severe factory shutdown and missed delivery targets,Bearish,-1.288
Supply chain bottleneck causes severe factory shutdown and missed delivery targets,Bearish,-1.768
Supply chain bottleneck causes severe factory shutdown and missed delivery targets,Bearish,-1.53
Supply chain bottleneck causes severe factory shutdown and missed delivery targets,Bearish,-1.809
Supply chain bottleneck causes severe factory shutdown and missed delivery targets,Bearish,-1.064
Supply chain bottleneck causes severe factory shutdown and missed delivery targets,Bearish,-1.897
Supply chain bottleneck causes severe factory shutdown and missed delivery targets,Bearish,-1.523
Supply chain bottleneck causes severe factory shutdown and missed delivery targets,Bearish,-1.442
Supply chain bottleneck causes severe factory shutdown and missed delivery targets,Bearish,-1.497
Supply chain bottleneck causes severe factory shutdown and missed delivery targets,Bearish,-1.646
Supply chain bottleneck causes severe factory shutdown and missed delivery targets,Bearish,-1.632
Supply chain bottleneck causes severe factory shutdown and missed delivery targets,Bearish,-1.589
Supply chain bottleneck causes severe factory shutdown and missed delivery targets,Bearish,-1.637
Supply chain bottleneck causes severe factory shutdown and missed delivery targets,Bearish,-1.359
Supply chain bottleneck causes severe factory shutdown and missed delivery targets,Bearish,-1.047
Supply chain bottleneck causes severe factory shutdown and missed delivery targets,Bearish,-1.739
Supply chain bottleneck causes severe factory shutdown and missed delivery targets,Bearish,-1.942
Supply chain bottleneck causes severe factory shutdown and missed delivery targets,Bearish,-1.622
Supply chain bottleneck causes severe factory shutdown and missed delivery targets,Bearish,-0.955
Supply chain bottleneck causes severe factory shutdown and missed delivery targets,Bearish,-1.801
Supply chain bottleneck causes severe factory shutdown and missed delivery targets,Bearish,-1.19
Supply chain bottleneck causes severe factory shutdown and missed delivery targets,Bearish,-1.181
Supply chain bottleneck causes severe factory shutdown and missed delivery targets,Bearish,-1.738
Supply chain bottleneck causes severe factory shutdown and missed delivery targets,Bearish,-1.458
Supply chain bottleneck causes severe factory shutdown and missed delivery targets,Bearish,-1.193
Supply chain bottleneck causes severe factory shutdown and missed delivery targets,Bearish,-1.695
Supply chain bottleneck causes severe factory shutdown and missed delivery targets,Bearish,-1.651
Supply chain bottleneck causes severe factory shutdown and missed delivery targets,Bearish,-1.745
Supply chain bottleneck causes severe factory shutdown and missed delivery targets,Bearish,-1.854
Supply chain bottleneck causes severe factory shutdown and missed delivery targets,Bearish,-1.762
Supply chain bottleneck causes severe factory shutdown and missed delivery targets,Bearish,-1.906
Supply chain bottleneck causes severe factory shutdown and missed delivery targets,Bearish,-1.591
Supply chain bottleneck causes severe factory shutdown and missed delivery targets,Bearish,-1.792
Supply chain bottleneck causes severe factory shutdown and missed delivery targets,Bearish,-1.542
Supply chain bottleneck causes severe factory shutdown and missed delivery targets,Bearish,-1.989
Supply chain bottleneck causes severe factory shutdown and missed delivery targets,Bearish,-1.517
Supply chain bottleneck causes severe factory shutdown and missed delivery targets,Bearish,-1.392
Supply chain bottleneck causes severe factory shutdown and missed delivery targets,Bearish,-2.098
Supply chain bottleneck causes severe factory shutdown and missed delivery targets,Bearish,-1.506
Supply chain bottleneck causes severe factory shutdown and missed delivery targets,Bearish,-1.293
Supply chain bottleneck causes severe factory shutdown and missed delivery targets,Bearish,-1.902
Supply chain bottleneck causes severe factory shutdown and missed delivery targets,Bearish,-1.182
Supply chain bottleneck causes severe factory shutdown and missed delivery targets,Bearish,-1.495
Supply chain bottleneck causes severe factory shutdown and missed delivery targets,Bearish,-1.776
Supply chain bottleneck causes severe factory shutdown and missed delivery targets,Bearish,-1.614
Supply chain bottleneck causes severe factory shutdown and missed delivery targets,Bearish,-1.46
Supply chain bottleneck causes severe factory shutdown and missed delivery targets,Bearish,-1.581
Supply chain bottleneck causes severe factory shutdown and missed delivery targets,Bearish,-1.465
Supply chain bottleneck causes severe factory shutdown and missed delivery targets,Bearish,-1.83
Supply chain bottleneck causes severe factory shutdown and missed delivery targets,Bearish,-1.558
Supply chain bottleneck causes severe factory shutdown and missed delivery targets,Bearish,-1.953
Supply chain bottleneck causes severe factory shutdown and missed delivery targets,Bearish,-1.628
Supply chain bottleneck causes severe factory shutdown and missed delivery targets,Bearish,-1.826
Supply chain bottleneck causes severe factory shutdown and missed delivery targets,Bearish,-1.784
Supply chain bottleneck causes severe factory shutdown and missed delivery targets,Bearish,-1.291
Supply chain bottleneck causes severe factory shutdown and missed delivery targets,Bearish,-1.327
Supply chain bottleneck causes severe factory shutdown and missed delivery targets,Bearish,-1.448
Supply chain bottleneck causes severe factory shutdown and missed delivery targets,Bearish,-1.873
Supply chain bottleneck causes severe factory shutdown and missed delivery targets,Bearish,-1.679
Supply chain bottleneck causes severe factory shutdown and missed delivery targets,Bearish,-1.297
Supply chain bottleneck causes severe factory shutdown and missed delivery targets,Bearish,-1.565
Supply chain bottleneck causes severe factory shutdown and missed delivery targets,Bearish,-1.02
Supply chain bottleneck causes severe factory shutdown and missed delivery targets,Bearish,-1.502
Supply chain bottleneck causes severe factory shutdown and missed delivery targets,Bearish,-1.552
Supply chain bottleneck causes severe factory shutdown and missed delivery targets,Bearish,-1.677
Supply chain bottleneck causes severe factory shutdown and missed delivery targets,Bearish,-1.567
Supply chain bottleneck causes severe factory shutdown and missed delivery targets,Bearish,-1.638
Supply chain bottleneck causes severe factory shutdown and missed delivery targets,Bearish,-1.423
Supply chain bottleneck causes severe factory shutdown and missed delivery targets,Bearish,-1.361
Supply chain bottleneck causes severe factory shutdown and missed delivery targets,Bearish,-1.796
Supply chain bottleneck causes severe factory shutdown and missed delivery targets,Bearish,-1.933
Supply chain bottleneck causes severe factory shutdown and missed delivery targets,Bearish,-2.059
Supply chain bottleneck causes severe factory shutdown and missed delivery targets,Bearish,-1.473
Supply chain bottleneck causes severe factory shutdown and missed delivery targets,Bearish,-1.876
Supply chain bottleneck causes severe factory shutdown and missed delivery targets,Bearish,-2.138
Supply chain bottleneck causes severe factory shutdown and missed delivery targets,Bearish,-1.503
Supply chain bottleneck causes severe factory shutdown and missed delivery targets,Bearish,-0.977
Supply chain bottleneck causes severe factory shutdown and missed delivery targets,Bearish,-1.602
Supply chain bottleneck causes severe factory shutdown and missed delivery targets,Bearish,-1.39
Supply chain bottleneck causes severe factory shutdown and missed delivery targets,Bearish,-1.58
Supply chain bottleneck causes severe factory shutdown and missed delivery targets,Bearish,-1.625
Supply chain bottleneck causes severe factory shutdown and missed delivery targets,Bearish,-1.37
Supply chain bottleneck causes severe factory shutdown and missed delivery targets,Bearish,-1.673
Supply chain bottleneck causes severe factory shutdown and missed delivery targets,Bearish,-1.533
Supply chain bottleneck causes severe factory shutdown and missed delivery targets,Bearish,-1.52
Supply chain bottleneck causes severe factory shutdown and missed delivery targets,Bearish,-1.767
Supply chain bottleneck causes severe factory shutdown and missed delivery targets,Bearish,-1.352
Supply chain bottleneck causes severe factory shutdown and missed delivery targets,Bearish,-1.644
Supply chain bottleneck causes severe factory shutdown and missed delivery targets,Bearish,-1.789
Supply chain bottleneck causes severe factory shutdown and missed delivery targets,Bearish,-1.466
Supply chain bottleneck causes severe factory shutdown and missed delivery targets,Bearish,-1.825
Supply chain bottleneck causes severe factory shutdown and missed delivery targets,Bearish,-1.593
Supply chain bottleneck causes severe factory shutdown and missed delivery targets,Bearish,-1.602
Supply chain bottleneck causes severe factory shutdown and missed delivery targets,Bearish,-1.329
Supply chain bottleneck causes severe factory shutdown and missed delivery targets,Bearish,-1.481
Supply chain bottleneck causes severe factory shutdown and missed delivery targets,Bearish,-1.606
Supply chain bottleneck causes severe factory shutdown and missed delivery targets,Bearish,-1.396
Supply chain bottleneck causes severe factory shutdown and missed delivery targets,Bearish,-1.252
Supply chain bottleneck causes severe factory shutdown and missed delivery targets,Bearish,-1.461
Supply chain bottleneck causes severe factory shutdown and missed delivery targets,Bearish,-1.597
Supply chain bottleneck causes severe factory shutdown and missed delivery targets,Bearish,-1.928
Supply chain bottleneck causes severe factory shutdown and missed delivery targets,Bearish,-1.866
Supply chain bottleneck causes severe factory shutdown and missed delivery targets,Bearish,-1.676
Supply chain bottleneck causes severe factory shutdown and missed delivery targets,Bearish,-1.752
Supply chain bottleneck causes severe factory shutdown and missed delivery targets,Bearish,-1.647
SEC launches formal regulatory investigation into corporate accounting irregularities,Bearish,-2.786
SEC launches formal regulatory investigation into corporate accounting irregularities,Bearish,-2.668
SEC launches formal regulatory investigation into corporate accounting irregularities,Bearish,-2.818
SEC launches formal regulatory investigation into corporate accounting irregularities,Bearish,-2.678
SEC launches formal regulatory investigation into corporate accounting irregularities,Bearish,-2.784
SEC launches formal regulatory investigation into corporate accounting irregularities,Bearish,-3.294
SEC launches formal regulatory investigation into corporate accounting irregularities,Bearish,-3.035
SEC launches formal regulatory investigation into corporate accounting irregularities,Bearish,-2.836
SEC launches formal regulatory investigation into corporate accounting irregularities,Bearish,-3.102
SEC launches formal regulatory investigation into corporate accounting irregularities,Bearish,-2.65
SEC launches formal regulatory investigation into corporate accounting irregularities,Bearish,-2.417
SEC launches formal regulatory investigation into corporate accounting irregularities,Bearish,-2.495
SEC launches formal regulatory investigation into corporate accounting irregularities,Bearish,-2.853
SEC launches formal regulatory investigation into corporate accounting irregularities,Bearish,-2.427
SEC launches formal regulatory investigation into corporate accounting irregularities,Bearish,-2.763
SEC launches formal regulatory investigation into corporate accounting irregularities,Bearish,-2.884
SEC launches formal regulatory investigation into corporate accounting irregularities,Bearish,-2.953
SEC launches formal regulatory investigation into corporate accounting irregularities,Bearish,-2.876
SEC launches formal regulatory investigation into corporate accounting irregularities,Bearish,-2.897
SEC launches formal regulatory investigation into corporate accounting irregularities,Bearish,-2.757
SEC launches formal regulatory investigation into corporate accounting irregularities,Bearish,-2.76
SEC launches formal regulatory investigation into corporate accounting irregularities,Bearish,-2.799
SEC launches formal regulatory investigation into corporate accounting irregularities,Bearish,-2.691
SEC launches formal regulatory investigation into corporate accounting irregularities,Bearish,-2.502
SEC launches formal regulatory investigation into corporate accounting irregularities,Bearish,-2.563
SEC launches formal regulatory investigation into corporate accounting irregularities,Bearish,-3.171
SEC launches formal regulatory investigation into corporate accounting irregularities,Bearish,-3.438
SEC launches formal regulatory investigation into corporate accounting irregularities,Bearish,-2.566
SEC launches formal regulatory investigation into corporate accounting irregularities,Bearish,-3.142
SEC launches formal regulatory investigation into corporate accounting irregularities,Bearish,-2.856
SEC launches formal regulatory investigation into corporate accounting irregularities,Bearish,-3.093
SEC launches formal regulatory investigation into corporate accounting irregularities,Bearish,-3.25
SEC launches formal regulatory investigation into corporate accounting irregularities,Bearish,-2.665
SEC launches formal regulatory investigation into corporate accounting irregularities,Bearish,-2.61
SEC launches formal regulatory investigation into corporate accounting irregularities,Bearish,-2.944
SEC launches formal regulatory investigation into corporate accounting irregularities,Bearish,-3.448
SEC launches formal regulatory investigation into corporate accounting irregularities,Bearish,-2.937
SEC launches formal regulatory investigation into corporate accounting irregularities,Bearish,-2.702
SEC launches formal regulatory investigation into corporate accounting irregularities,Bearish,-3.17
SEC launches formal regulatory investigation into corporate accounting irregularities,Bearish,-2.754
SEC launches formal regulatory investigation into corporate accounting irregularities,Bearish,-2.804
SEC launches formal regulatory investigation into corporate accounting irregularities,Bearish,-2.655
SEC launches formal regulatory investigation into corporate accounting irregularities,Bearish,-2.77
SEC launches formal regulatory investigation into corporate accounting irregularities,Bearish,-3.043
SEC launches formal regulatory investigation into corporate accounting irregularities,Bearish,-2.501
SEC launches formal regulatory investigation into corporate accounting irregularities,Bearish,-2.84
SEC launches formal regulatory investigation into corporate accounting irregularities,Bearish,-2.807
SEC launches formal regulatory investigation into corporate accounting irregularities,Bearish,-3.033
SEC launches formal regulatory investigation into corporate accounting irregularities,Bearish,-2.911
SEC launches formal regulatory investigation into corporate accounting irregularities,Bearish,-3.021
SEC launches formal regulatory investigation into corporate accounting irregularities,Bearish,-2.843
SEC launches formal regulatory investigation into corporate accounting irregularities,Bearish,-2.372
SEC launches formal regulatory investigation into corporate accounting irregularities,Bearish,-3.143
SEC launches formal regulatory investigation into corporate accounting irregularities,Bearish,-3.203
SEC launches formal regulatory investigation into corporate accounting irregularities,Bearish,-2.432
SEC launches formal regulatory investigation into corporate accounting irregularities,Bearish,-2.852
SEC launches formal regulatory investigation into corporate accounting irregularities,Bearish,-2.967
SEC launches formal regulatory investigation into corporate accounting irregularities,Bearish,-2.54
SEC launches formal regulatory investigation into corporate accounting irregularities,Bearish,-2.951
SEC launches formal regulatory investigation into corporate accounting irregularities,Bearish,-2.343
SEC launches formal regulatory investigation into corporate accounting irregularities,Bearish,-2.631
SEC launches formal regulatory investigation into corporate accounting irregularities,Bearish,-2.922
SEC launches formal regulatory investigation into corporate accounting irregularities,Bearish,-2.261
SEC launches formal regulatory investigation into corporate accounting irregularities,Bearish,-2.951
SEC launches formal regulatory investigation into corporate accounting irregularities,Bearish,-2.614
SEC launches formal regulatory investigation into corporate accounting irregularities,Bearish,-2.725
SEC launches formal regulatory investigation into corporate accounting irregularities,Bearish,-2.475
SEC launches formal regulatory investigation into corporate accounting irregularities,Bearish,-2.41
SEC launches formal regulatory investigation into corporate accounting irregularities,Bearish,-2.792
SEC launches formal regulatory investigation into corporate accounting irregularities,Bearish,-2.988
SEC launches formal regulatory investigation into corporate accounting irregularities,Bearish,-2.685
SEC launches formal regulatory investigation into corporate accounting irregularities,Bearish,-2.969
SEC launches formal regulatory investigation into corporate accounting irregularities,Bearish,-2.297
SEC launches formal regulatory investigation into corporate accounting irregularities,Bearish,-2.766
SEC launches formal regulatory investigation into corporate accounting irregularities,Bearish,-2.891
SEC launches formal regulatory investigation into corporate accounting irregularities,Bearish,-2.754
SEC launches formal regulatory investigation into corporate accounting irregularities,Bearish,-3.137
SEC launches formal regulatory investigation into corporate accounting irregularities,Bearish,-3.043
SEC launches formal regulatory investigation into corporate accounting irregularities,Bearish,-2.5
SEC launches formal regulatory investigation into corporate accounting irregularities,Bearish,-2.964
SEC launches formal regulatory investigation into corporate accounting irregularities,Bearish,-3.062
SEC launches formal regulatory investigation into corporate accounting irregularities,Bearish,-2.666
SEC launches formal regulatory investigation into corporate accounting irregularities,Bearish,-2.504
SEC launches formal regulatory investigation into corporate accounting irregularities,Bearish,-2.62
SEC launches formal regulatory investigation into corporate accounting irregularities,Bearish,-2.551
SEC launches formal regulatory investigation into corporate accounting irregularities,Bearish,-2.989
SEC launches formal regulatory investigation into corporate accounting irregularities,Bearish,-3.155
SEC launches formal regulatory investigation into corporate accounting irregularities,Bearish,-2.425
SEC launches formal regulatory investigation into corporate accounting irregularities,Bearish,-2.881
SEC launches formal regulatory investigation into corporate accounting irregularities,Bearish,-2.863
SEC launches formal regulatory investigation into corporate accounting irregularities,Bearish,-2.468
SEC launches formal regulatory investigation into corporate accounting irregularities,Bearish,-2.661
SEC launches formal regulatory investigation into corporate accounting irregularities,Bearish,-2.686
SEC launches formal regulatory investigation into corporate accounting irregularities,Bearish,-2.259
SEC launches formal regulatory investigation into corporate accounting irregularities,Bearish,-2.961
SEC launches formal regulatory investigation into corporate accounting irregularities,Bearish,-2.568
SEC launches formal regulatory investigation into corporate accounting irregularities,Bearish,-2.786
SEC launches formal regulatory investigation into corporate accounting irregularities,Bearish,-2.733
SEC launches formal regulatory investigation into corporate accounting irregularities,Bearish,-2.418
SEC launches formal regulatory investigation into corporate accounting irregularities,Bearish,-2.673
SEC launches formal regulatory investigation into corporate accounting irregularities,Bearish,-2.665
SEC launches formal regulatory investigation into corporate accounting irregularities,Bearish,-2.532
SEC launches formal regulatory investigation into corporate accounting irregularities,Bearish,-2.891
SEC launches formal regulatory investigation into corporate accounting irregularities,Bearish,-3.01
SEC launches formal regulatory investigation into corporate accounting irregularities,Bearish,-3.061
SEC launches formal regulatory investigation into corporate accounting irregularities,Bearish,-3.292
SEC launches formal regulatory investigation into corporate accounting irregularities,Bearish,-2.286
SEC launches formal regulatory investigation into corporate accounting irregularities,Bearish,-3.076
SEC launches formal regulatory investigation into corporate accounting irregularities,Bearish,-2.855
SEC launches formal regulatory investigation into corporate accounting irregularities,Bearish,-2.869
SEC launches formal regulatory investigation into corporate accounting irregularities,Bearish,-2.723
SEC launches formal regulatory investigation into corporate accounting irregularities,Bearish,-2.596
SEC launches formal regulatory investigation into corporate accounting irregularities,Bearish,-2.585
SEC launches formal regulatory investigation into corporate accounting irregularities,Bearish,-2.946
SEC launches formal regulatory investigation into corporate accounting irregularities,Bearish,-2.842
SEC launches formal regulatory investigation into corporate accounting irregularities,Bearish,-2.729
SEC launches formal regulatory investigation into corporate accounting irregularities,Bearish,-2.862
SEC launches formal regulatory investigation into corporate accounting irregularities,Bearish,-2.398
SEC launches formal regulatory investigation into corporate accounting irregularities,Bearish,-2.677
SEC launches formal regulatory investigation into corporate accounting irregularities,Bearish,-2.616
Credit rating agency downgrades commercial property developer debt to junk status,Bearish,-2.334
Credit rating agency downgrades commercial property developer debt to junk status,Bearish,-2.207
Credit rating agency downgrades commercial property developer debt to junk status,Bearish,-2.455
Credit rating agency downgrades commercial property developer debt to junk status,Bearish,-2.824
Credit rating agency downgrades commercial property developer debt to junk status,Bearish,-2.4
Credit rating agency downgrades commercial property developer debt to junk status,Bearish,-2.663
Credit rating agency downgrades commercial property developer debt to junk status,Bearish,-2.632
Credit rating agency downgrades commercial property developer debt to junk status,Bearish,-2.353
Credit rating agency downgrades commercial property developer debt to junk status,Bearish,-2.19
Credit rating agency downgrades commercial property developer debt to junk status,Bearish,-2.495
Credit rating agency downgrades commercial property developer debt to junk status,Bearish,-2.423
Credit rating agency downgrades commercial property developer debt to junk status,Bearish,-2.074
Credit rating agency downgrades commercial property developer debt to junk status,Bearish,-2.44
Credit rating agency downgrades commercial property developer debt to junk status,Bearish,-1.85
Credit rating agency downgrades commercial property developer debt to junk status,Bearish,-2.359
Credit rating agency downgrades commercial property developer debt to junk status,Bearish,-2.94
Credit rating agency downgrades commercial property developer debt to junk status,Bearish,-2.312
Credit rating agency downgrades commercial property developer debt to junk status,Bearish,-2.405
Credit rating agency downgrades commercial property developer debt to junk status,Bearish,-2.178
Credit rating agency downgrades commercial property developer debt to junk status,Bearish,-2.332
Credit rating agency downgrades commercial property developer debt to junk status,Bearish,-2.535
Credit rating agency downgrades commercial property developer debt to junk status,Bearish,-2.806
Credit rating agency downgrades commercial property developer debt to junk status,Bearish,-2.552
Credit rating agency downgrades commercial property developer debt to junk status,Bearish,-2.713
Credit rating agency downgrades commercial property developer debt to junk status,Bearish,-2.645
Credit rating agency downgrades commercial property developer debt to junk status,Bearish,-2.353
Credit rating agency downgrades commercial property developer debt to junk status,Bearish,-2.083
Credit rating agency downgrades commercial property developer debt to junk status,Bearish,-2.401
Credit rating agency downgrades commercial property developer debt to junk status,Bearish,-2.799
Credit rating agency downgrades commercial property developer debt to junk status,Bearish,-2.389
Credit rating agency downgrades commercial property developer debt to junk status,Bearish,-2.201
Credit rating agency downgrades commercial property developer debt to junk status,Bearish,-2.652
Credit rating agency downgrades commercial property developer debt to junk status,Bearish,-2.534
Credit rating agency downgrades commercial property developer debt to junk status,Bearish,-2.496
Credit rating agency downgrades commercial property developer debt to junk status,Bearish,-2.696
Credit rating agency downgrades commercial property developer debt to junk status,Bearish,-2.338
Credit rating agency downgrades commercial property developer debt to junk status,Bearish,-2.53
Credit rating agency downgrades commercial property developer debt to junk status,Bearish,-2.395
Credit rating agency downgrades commercial property developer debt to junk status,Bearish,-2.722
Credit rating agency downgrades commercial property developer debt to junk status,Bearish,-2.609
Credit rating agency downgrades commercial property developer debt to junk status,Bearish,-2.319
Credit rating agency downgrades commercial property developer debt to junk status,Bearish,-2.593
Credit rating agency downgrades commercial property developer debt to junk status,Bearish,-2.068
Credit rating agency downgrades commercial property developer debt to junk status,Bearish,-2.6
Credit rating agency downgrades commercial property developer debt to junk status,Bearish,-2.444
Credit rating agency downgrades commercial property developer debt to junk status,Bearish,-2.267
Credit rating agency downgrades commercial property developer debt to junk status,Bearish,-2.855
Credit rating agency downgrades commercial property developer debt to junk status,Bearish,-2.94
Credit rating agency downgrades commercial property developer debt to junk status,Bearish,-2.881
Credit rating agency downgrades commercial property developer debt to junk status,Bearish,-2.184
Credit rating agency downgrades commercial property developer debt to junk status,Bearish,-2.638
Credit rating agency downgrades commercial property developer debt to junk status,Bearish,-1.86
Credit rating agency downgrades commercial property developer debt to junk status,Bearish,-2.641
Credit rating agency downgrades commercial property developer debt to junk status,Bearish,-2.454
Credit rating agency downgrades commercial property developer debt to junk status,Bearish,-2.114
Credit rating agency downgrades commercial property developer debt to junk status,Bearish,-1.998
Credit rating agency downgrades commercial property developer debt to junk status,Bearish,-1.985
Credit rating agency downgrades commercial property developer debt to junk status,Bearish,-2.198
Credit rating agency downgrades commercial property developer debt to junk status,Bearish,-2.244
Credit rating agency downgrades commercial property developer debt to junk status,Bearish,-2.352
Credit rating agency downgrades commercial property developer debt to junk status,Bearish,-2.305
Credit rating agency downgrades commercial property developer debt to junk status,Bearish,-2.638
Credit rating agency downgrades commercial property developer debt to junk status,Bearish,-2.705
Credit rating agency downgrades commercial property developer debt to junk status,Bearish,-2.501
Credit rating agency downgrades commercial property developer debt to junk status,Bearish,-2.543
Credit rating agency downgrades commercial property developer debt to junk status,Bearish,-2.613
Credit rating agency downgrades commercial property developer debt to junk status,Bearish,-2.326
Credit rating agency downgrades commercial property developer debt to junk status,Bearish,-2.261
Credit rating agency downgrades commercial property developer debt to junk status,Bearish,-2.478
Credit rating agency downgrades commercial property developer debt to junk status,Bearish,-2.131
Credit rating agency downgrades commercial property developer debt to junk status,Bearish,-2.785
Credit rating agency downgrades commercial property developer debt to junk status,Bearish,-2.548
Credit rating agency downgrades commercial property developer debt to junk status,Bearish,-2.679
Credit rating agency downgrades commercial property developer debt to junk status,Bearish,-2.967
Credit rating agency downgrades commercial property developer debt to junk status,Bearish,-2.521
Credit rating agency downgrades commercial property developer debt to junk status,Bearish,-2.53
Credit rating agency downgrades commercial property developer debt to junk status,Bearish,-2.122
Credit rating agency downgrades commercial property developer debt to junk status,Bearish,-2.342
Credit rating agency downgrades commercial property developer debt to junk status,Bearish,-2.756
Credit rating agency downgrades commercial property developer debt to junk status,Bearish,-2.036
Credit rating agency downgrades commercial property developer debt to junk status,Bearish,-2.195
Credit rating agency downgrades commercial property developer debt to junk status,Bearish,-2.354
Credit rating agency downgrades commercial property developer debt to junk status,Bearish,-2.557
Credit rating agency downgrades commercial property developer debt to junk status,Bearish,-2.74
Credit rating agency downgrades commercial property developer debt to junk status,Bearish,-2.593
Credit rating agency downgrades commercial property developer debt to junk status,Bearish,-2.228
Credit rating agency downgrades commercial property developer debt to junk status,Bearish,-2.029
Credit rating agency downgrades commercial property developer debt to junk status,Bearish,-2.114
Credit rating agency downgrades commercial property developer debt to junk status,Bearish,-2.622
Credit rating agency downgrades commercial property developer debt to junk status,Bearish,-2.78
Credit rating agency downgrades commercial property developer debt to junk status,Bearish,-2.465
Credit rating agency downgrades commercial property developer debt to junk status,Bearish,-2.942
Credit rating agency downgrades commercial property developer debt to junk status,Bearish,-2.419
Credit rating agency downgrades commercial property developer debt to junk status,Bearish,-2.537
Credit rating agency downgrades commercial property developer debt to junk status,Bearish,-2.617
Credit rating agency downgrades commercial property developer debt to junk status,Bearish,-2.899
Credit rating agency downgrades commercial property developer debt to junk status,Bearish,-2.372
Credit rating agency downgrades commercial property developer debt to junk status,Bearish,-2.633
Credit rating agency downgrades commercial property developer debt to junk status,Bearish,-2.792
Credit rating agency downgrades commercial property developer debt to junk status,Bearish,-3.218
Credit rating agency downgrades commercial property developer debt to junk status,Bearish,-2.507
Credit rating agency downgrades commercial property developer debt to junk status,Bearish,-2.057
Credit rating agency downgrades commercial property developer debt to junk status,Bearish,-2.085
Credit rating agency downgrades commercial property developer debt to junk status,Bearish,-2.614
Credit rating agency downgrades commercial property developer debt to junk status,Bearish,-2.651
Credit rating agency downgrades commercial property developer debt to junk status,Bearish,-2.383
Credit rating agency downgrades commercial property developer debt to junk status,Bearish,-2.75
Credit rating agency downgrades commercial property developer debt to junk status,Bearish,-2.425
Credit rating agency downgrades commercial property developer debt to junk status,Bearish,-2.308
Credit rating agency downgrades commercial property developer debt to junk status,Bearish,-2.193
Credit rating agency downgrades commercial property developer debt to junk status,Bearish,-2.525
Credit rating agency downgrades commercial property developer debt to junk status,Bearish,-2.551
Credit rating agency downgrades commercial property developer debt to junk status,Bearish,-2.719
Credit rating agency downgrades commercial property developer debt to junk status,Bearish,-2.707
Credit rating agency downgrades commercial property developer debt to junk status,Bearish,-2.557
Credit rating agency downgrades commercial property developer debt to junk status,Bearish,-2.408
Credit rating agency downgrades commercial property developer debt to junk status,Bearish,-2.272
Credit rating agency downgrades commercial property developer debt to junk status,Bearish,-2.701
Credit rating agency downgrades commercial property developer debt to junk status,Bearish,-2.127
Credit rating agency downgrades commercial property developer debt to junk status,Bearish,-2.568
Tech firm announces 15% workforce reduction following sluggish enterprise software demand,Bearish,-1.405
Tech firm announces 15% workforce reduction following sluggish enterprise software demand,Bearish,-1.587
Tech firm announces 15% workforce reduction following sluggish enterprise software demand,Bearish,-2.006
Tech firm announces 15% workforce reduction following sluggish enterprise software demand,Bearish,-1.179
Tech firm announces 15% workforce reduction following sluggish enterprise software demand,Bearish,-1.216
Tech firm announces 15% workforce reduction following sluggish enterprise software demand,Bearish,-1.47
Tech firm announces 15% workforce reduction following sluggish enterprise software demand,Bearish,-1.383
Tech firm announces 15% workforce reduction following sluggish enterprise software demand,Bearish,-1.271
Tech firm announces 15% workforce reduction following sluggish enterprise software demand,Bearish,-1.791
Tech firm announces 15% workforce reduction following sluggish enterprise software demand,Bearish,-1.532
Tech firm announces 15% workforce reduction following sluggish enterprise software demand,Bearish,-1.201
Tech firm announces 15% workforce reduction following sluggish enterprise software demand,Bearish,-1.714
Tech firm announces 15% workforce reduction following sluggish enterprise software demand,Bearish,-1.327
Tech firm announces 15% workforce reduction following sluggish enterprise software demand,Bearish,-1.739
Tech firm announces 15% workforce reduction following sluggish enterprise software demand,Bearish,-1.283
Tech firm announces 15% workforce reduction following sluggish enterprise software demand,Bearish,-1.409
Tech firm announces 15% workforce reduction following sluggish enterprise software demand,Bearish,-1.804
Tech firm announces 15% workforce reduction following sluggish enterprise software demand,Bearish,-1.109
Tech firm announces 15% workforce reduction following sluggish enterprise software demand,Bearish,-1.584
Tech firm announces 15% workforce reduction following sluggish enterprise software demand,Bearish,-1.603
Tech firm announces 15% workforce reduction following sluggish enterprise software demand,Bearish,-1.35
Tech firm announces 15% workforce reduction following sluggish enterprise software demand,Bearish,-1.113
Tech firm announces 15% workforce reduction following sluggish enterprise software demand,Bearish,-1.654
Tech firm announces 15% workforce reduction following sluggish enterprise software demand,Bearish,-1.385
Tech firm announces 15% workforce reduction following sluggish enterprise software demand,Bearish,-1.293
Tech firm announces 15% workforce reduction following sluggish enterprise software demand,Bearish,-1.227
Tech firm announces 15% workforce reduction following sluggish enterprise software demand,Bearish,-1.356
Tech firm announces 15% workforce reduction following sluggish enterprise software demand,Bearish,-1.492
Tech firm announces 15% workforce reduction following sluggish enterprise software demand,Bearish,-1.607
Tech firm announces 15% workforce reduction following sluggish enterprise software demand,Bearish,-1.378
Tech firm announces 15% workforce reduction following sluggish enterprise software demand,Bearish,-1.668
Tech firm announces 15% workforce reduction following sluggish enterprise software demand,Bearish,-2.13
Tech firm announces 15% workforce reduction following sluggish enterprise software demand,Bearish,-1.291
Tech firm announces 15% workforce reduction following sluggish enterprise software demand,Bearish,-1.174
Tech firm announces 15% workforce reduction following sluggish enterprise software demand,Bearish,-1.991
Tech firm announces 15% workforce reduction following sluggish enterprise software demand,Bearish,-1.652
Tech firm announces 15% workforce reduction following sluggish enterprise software demand,Bearish,-1.245
Tech firm announces 15% workforce reduction following sluggish enterprise software demand,Bearish,-0.886
Tech firm announces 15% workforce reduction following sluggish enterprise software demand,Bearish,-1.395
Tech firm announces 15% workforce reduction following sluggish enterprise software demand,Bearish,-1.582
Tech firm announces 15% workforce reduction following sluggish enterprise software demand,Bearish,-1.446
Tech firm announces 15% workforce reduction following sluggish enterprise software demand,Bearish,-1.056
Tech firm announces 15% workforce reduction following sluggish enterprise software demand,Bearish,-1.561
Tech firm announces 15% workforce reduction following sluggish enterprise software demand,Bearish,-1.6
Tech firm announces 15% workforce reduction following sluggish enterprise software demand,Bearish,-1.521
Tech firm announces 15% workforce reduction following sluggish enterprise software demand,Bearish,-1.638
Tech firm announces 15% workforce reduction following sluggish enterprise software demand,Bearish,-1.369
Tech firm announces 15% workforce reduction following sluggish enterprise software demand,Bearish,-0.994
Tech firm announces 15% workforce reduction following sluggish enterprise software demand,Bearish,-1.319
Tech firm announces 15% workforce reduction following sluggish enterprise software demand,Bearish,-1.463
Tech firm announces 15% workforce reduction following sluggish enterprise software demand,Bearish,-1.473
Tech firm announces 15% workforce reduction following sluggish enterprise software demand,Bearish,-1.791
Tech firm announces 15% workforce reduction following sluggish enterprise software demand,Bearish,-1.179
Tech firm announces 15% workforce reduction following sluggish enterprise software demand,Bearish,-1.419
Tech firm announces 15% workforce reduction following sluggish enterprise software demand,Bearish,-1.445
Tech firm announces 15% workforce reduction following sluggish enterprise software demand,Bearish,-0.602
Tech firm announces 15% workforce reduction following sluggish enterprise software demand,Bearish,-1.325
Tech firm announces 15% workforce reduction following sluggish enterprise software demand,Bearish,-1.588
Tech firm announces 15% workforce reduction following sluggish enterprise software demand,Bearish,-1.507
Tech firm announces 15% workforce reduction following sluggish enterprise software demand,Bearish,-1.113
Tech firm announces 15% workforce reduction following sluggish enterprise software demand,Bearish,-1.372
Tech firm announces 15% workforce reduction following sluggish enterprise software demand,Bearish,-1.76
Tech firm announces 15% workforce reduction following sluggish enterprise software demand,Bearish,-1.17
Tech firm announces 15% workforce reduction following sluggish enterprise software demand,Bearish,-1.567
Tech firm announces 15% workforce reduction following sluggish enterprise software demand,Bearish,-0.932
Tech firm announces 15% workforce reduction following sluggish enterprise software demand,Bearish,-1.13
Tech firm announces 15% workforce reduction following sluggish enterprise software demand,Bearish,-1.512
Tech firm announces 15% workforce reduction following sluggish enterprise software demand,Bearish,-1.08
Tech firm announces 15% workforce reduction following sluggish enterprise software demand,Bearish,-1.383
Tech firm announces 15% workforce reduction following sluggish enterprise software demand,Bearish,-1.187
Tech firm announces 15% workforce reduction following sluggish enterprise software demand,Bearish,-1.279
Tech firm announces 15% workforce reduction following sluggish enterprise software demand,Bearish,-1.612
Tech firm announces 15% workforce reduction following sluggish enterprise software demand,Bearish,-1.561
Tech firm announces 15% workforce reduction following sluggish enterprise software demand,Bearish,-1.143
Tech firm announces 15% workforce reduction following sluggish enterprise software demand,Bearish,-1.484
Tech firm announces 15% workforce reduction following sluggish enterprise software demand,Bearish,-1.501
Tech firm announces 15% workforce reduction following sluggish enterprise software demand,Bearish,-1.639
Tech firm announces 15% workforce reduction following sluggish enterprise software demand,Bearish,-1.294
Tech firm announces 15% workforce reduction following sluggish enterprise software demand,Bearish,-0.884
Tech firm announces 15% workforce reduction following sluggish enterprise software demand,Bearish,-1.667
Tech firm announces 15% workforce reduction following sluggish enterprise software demand,Bearish,-1.394
Tech firm announces 15% workforce reduction following sluggish enterprise software demand,Bearish,-1.047
Tech firm announces 15% workforce reduction following sluggish enterprise software demand,Bearish,-1.42
Tech firm announces 15% workforce reduction following sluggish enterprise software demand,Bearish,-1.287
Tech firm announces 15% workforce reduction following sluggish enterprise software demand,Bearish,-1.666
Tech firm announces 15% workforce reduction following sluggish enterprise software demand,Bearish,-1.293
Tech firm announces 15% workforce reduction following sluggish enterprise software demand,Bearish,-1.447
Tech firm announces 15% workforce reduction following sluggish enterprise software demand,Bearish,-1.154
Tech firm announces 15% workforce reduction following sluggish enterprise software demand,Bearish,-1.103
Tech firm announces 15% workforce reduction following sluggish enterprise software demand,Bearish,-0.753
Tech firm announces 15% workforce reduction following sluggish enterprise software demand,Bearish,-1.255
Tech firm announces 15% workforce reduction following sluggish enterprise software demand,Bearish,-1.319
Tech firm announces 15% workforce reduction following sluggish enterprise software demand,Bearish,-1.351
Tech firm announces 15% workforce reduction following sluggish enterprise software demand,Bearish,-1.488
Tech firm announces 15% workforce reduction following sluggish enterprise software demand,Bearish,-1.315
Tech firm announces 15% workforce reduction following sluggish enterprise software demand,Bearish,-1.474
Tech firm announces 15% workforce reduction following sluggish enterprise software demand,Bearish,-1.358
Tech firm announces 15% workforce reduction following sluggish enterprise software demand,Bearish,-1.071
Tech firm announces 15% workforce reduction following sluggish enterprise software demand,Bearish,-1.652
Tech firm announces 15% workforce reduction following sluggish enterprise software demand,Bearish,-1.115
Tech firm announces 15% workforce reduction following sluggish enterprise software demand,Bearish,-1.071
Tech firm announces 15% workforce reduction following sluggish enterprise software demand,Bearish,-1.43
Tech firm announces 15% workforce reduction following sluggish enterprise software demand,Bearish,-1.93
Tech firm announces 15% workforce reduction following sluggish enterprise software demand,Bearish,-1.552
Tech firm announces 15% workforce reduction following sluggish enterprise software demand,Bearish,-1.076
Tech firm announces 15% workforce reduction following sluggish enterprise software demand,Bearish,-1.406
Tech firm announces 15% workforce reduction following sluggish enterprise software demand,Bearish,-1.65
Tech firm announces 15% workforce reduction following sluggish enterprise software demand,Bearish,-1.526
Tech firm announces 15% workforce reduction following sluggish enterprise software demand,Bearish,-1.19
Tech firm announces 15% workforce reduction following sluggish enterprise software demand,Bearish,-1.263
Tech firm announces 15% workforce reduction following sluggish enterprise software demand,Bearish,-1.46
Tech firm announces 15% workforce reduction following sluggish enterprise software demand,Bearish,-1.492
Tech firm announces 15% workforce reduction following sluggish enterprise software demand,Bearish,-1.498
Tech firm announces 15% workforce reduction following sluggish enterprise software demand,Bearish,-1.631
Tech firm announces 15% workforce reduction following sluggish enterprise software demand,Bearish,-0.996
Tech firm announces 15% workforce reduction following sluggish enterprise software demand,Bearish,-1.481
Tech firm announces 15% workforce reduction following sluggish enterprise software demand,Bearish,-1.096
Tech firm announces 15% workforce reduction following sluggish enterprise software demand,Bearish,-1.02
Tech firm announces 15% workforce reduction following sluggish enterprise software demand,Bearish,-1.15
Tech firm announces 15% workforce reduction following sluggish enterprise software demand,Bearish,-1.508
Board of directors approves regular quarterly dividend payout of 45 cents per share,Neutral,0.201
Board of directors approves regular quarterly dividend payout of 45 cents per share,Neutral,0.094
Board of directors approves regular quarterly dividend payout of 45 cents per share,Neutral,-0.126
Board of directors approves regular quarterly dividend payout of 45 cents per share,Neutral,0.181
Board of directors approves regular quarterly dividend payout of 45 cents per share,Neutral,-0.195
Board of directors approves regular quarterly dividend payout of 45 cents per share,Neutral,0.397
Board of directors approves regular quarterly dividend payout of 45 cents per share,Neutral,-0.016
Board of directors approves regular quarterly dividend payout of 45 cents per share,Neutral,0.15
Board of directors approves regular quarterly dividend payout of 45 cents per share,Neutral,0.171
Board of directors approves regular quarterly dividend payout of 45 cents per share,Neutral,0.035
Board of directors approves regular quarterly dividend payout of 45 cents per share,Neutral,0.247
Board of directors approves regular quarterly dividend payout of 45 cents per share,Neutral,-0.019
Board of directors approves regular quarterly dividend payout of 45 cents per share,Neutral,0.318
Board of directors approves regular quarterly dividend payout of 45 cents per share,Neutral,-0.236
Board of directors approves regular quarterly dividend payout of 45 cents per share,Neutral,0.132
Board of directors approves regular quarterly dividend payout of 45 cents per share,Neutral,0.585
Board of directors approves regular quarterly dividend payout of 45 cents per share,Neutral,-0.15
Board of directors approves regular quarterly dividend payout of 45 cents per share,Neutral,-0.069
Board of directors approves regular quarterly dividend payout of 45 cents per share,Neutral,0.228
Board of directors approves regular quarterly dividend payout of 45 cents per share,Neutral,0.145
Board of directors approves regular quarterly dividend payout of 45 cents per share,Neutral,0.188
Board of directors approves regular quarterly dividend payout of 45 cents per share,Neutral,0.222
Board of directors approves regular quarterly dividend payout of 45 cents per share,Neutral,0.259
Board of directors approves regular quarterly dividend payout of 45 cents per share,Neutral,0.377
Board of directors approves regular quarterly dividend payout of 45 cents per share,Neutral,0.202
Board of directors approves regular quarterly dividend payout of 45 cents per share,Neutral,0.04
Board of directors approves regular quarterly dividend payout of 45 cents per share,Neutral,0.268
Board of directors approves regular quarterly dividend payout of 45 cents per share,Neutral,0.575
Board of directors approves regular quarterly dividend payout of 45 cents per share,Neutral,0.067
Board of directors approves regular quarterly dividend payout of 45 cents per share,Neutral,-0.144
Board of directors approves regular quarterly dividend payout of 45 cents per share,Neutral,0.377
Board of directors approves regular quarterly dividend payout of 45 cents per share,Neutral,0.07
Board of directors approves regular quarterly dividend payout of 45 cents per share,Neutral,-0.443
Board of directors approves regular quarterly dividend payout of 45 cents per share,Neutral,0.312
Board of directors approves regular quarterly dividend payout of 45 cents per share,Neutral,-0.034
Board of directors approves regular quarterly dividend payout of 45 cents per share,Neutral,0.077
Board of directors approves regular quarterly dividend payout of 45 cents per share,Neutral,0.183
Board of directors approves regular quarterly dividend payout of 45 cents per share,Neutral,0.148
Board of directors approves regular quarterly dividend payout of 45 cents per share,Neutral,0.277
Board of directors approves regular quarterly dividend payout of 45 cents per share,Neutral,-0.009
Board of directors approves regular quarterly dividend payout of 45 cents per share,Neutral,0.228
Board of directors approves regular quarterly dividend payout of 45 cents per share,Neutral,0.035
Board of directors approves regular quarterly dividend payout of 45 cents per share,Neutral,0.285
Board of directors approves regular quarterly dividend payout of 45 cents per share,Neutral,0.254
Board of directors approves regular quarterly dividend payout of 45 cents per share,Neutral,-0.134
Board of directors approves regular quarterly dividend payout of 45 cents per share,Neutral,0.371
Board of directors approves regular quarterly dividend payout of 45 cents per share,Neutral,-0.034
Board of directors approves regular quarterly dividend payout of 45 cents per share,Neutral,0.302
Board of directors approves regular quarterly dividend payout of 45 cents per share,Neutral,0.192
Board of directors approves regular quarterly dividend payout of 45 cents per share,Neutral,0.56
Board of directors approves regular quarterly dividend payout of 45 cents per share,Neutral,0.044
Board of directors approves regular quarterly dividend payout of 45 cents per share,Neutral,0.013
Board of directors approves regular quarterly dividend payout of 45 cents per share,Neutral,0.095
Board of directors approves regular quarterly dividend payout of 45 cents per share,Neutral,0.024
Board of directors approves regular quarterly dividend payout of 45 cents per share,Neutral,0.3
Board of directors approves regular quarterly dividend payout of 45 cents per share,Neutral,-0.304
Board of directors approves regular quarterly dividend payout of 45 cents per share,Neutral,-0.163
Board of directors approves regular quarterly dividend payout of 45 cents per share,Neutral,-0.167
Board of directors approves regular quarterly dividend payout of 45 cents per share,Neutral,0.338
Board of directors approves regular quarterly dividend payout of 45 cents per share,Neutral,0.528
Board of directors approves regular quarterly dividend payout of 45 cents per share,Neutral,0.074
Board of directors approves regular quarterly dividend payout of 45 cents per share,Neutral,0.058
Board of directors approves regular quarterly dividend payout of 45 cents per share,Neutral,0.118
Board of directors approves regular quarterly dividend payout of 45 cents per share,Neutral,0.39
Board of directors approves regular quarterly dividend payout of 45 cents per share,Neutral,-0.132
Board of directors approves regular quarterly dividend payout of 45 cents per share,Neutral,0.16
Board of directors approves regular quarterly dividend payout of 45 cents per share,Neutral,0.344
Board of directors approves regular quarterly dividend payout of 45 cents per share,Neutral,0.225
Board of directors approves regular quarterly dividend payout of 45 cents per share,Neutral,0.147
Board of directors approves regular quarterly dividend payout of 45 cents per share,Neutral,0.35
Board of directors approves regular quarterly dividend payout of 45 cents per share,Neutral,-0.576
Board of directors approves regular quarterly dividend payout of 45 cents per share,Neutral,0.269
Board of directors approves regular quarterly dividend payout of 45 cents per share,Neutral,-0.064
Board of directors approves regular quarterly dividend payout of 45 cents per share,Neutral,-0.358
Board of directors approves regular quarterly dividend payout of 45 cents per share,Neutral,0.228
Board of directors approves regular quarterly dividend payout of 45 cents per share,Neutral,0.443
Board of directors approves regular quarterly dividend payout of 45 cents per share,Neutral,0.066
Board of directors approves regular quarterly dividend payout of 45 cents per share,Neutral,0.338
Board of directors approves regular quarterly dividend payout of 45 cents per share,Neutral,0.503
Board of directors approves regular quarterly dividend payout of 45 cents per share,Neutral,0.429
Board of directors approves regular quarterly dividend payout of 45 cents per share,Neutral,0.51
Board of directors approves regular quarterly dividend payout of 45 cents per share,Neutral,0.286
Board of directors approves regular quarterly dividend payout of 45 cents per share,Neutral,0.119
Board of directors approves regular quarterly dividend payout of 45 cents per share,Neutral,-0.3
Board of directors approves regular quarterly dividend payout of 45 cents per share,Neutral,0.038
Board of directors approves regular quarterly dividend payout of 45 cents per share,Neutral,-0.111
Board of directors approves regular quarterly dividend payout of 45 cents per share,Neutral,0.643
Board of directors approves regular quarterly dividend payout of 45 cents per share,Neutral,0.056
Board of directors approves regular quarterly dividend payout of 45 cents per share,Neutral,0.131
Board of directors approves regular quarterly dividend payout of 45 cents per share,Neutral,0.238
Board of directors approves regular quarterly dividend payout of 45 cents per share,Neutral,0.111
Board of directors approves regular quarterly dividend payout of 45 cents per share,Neutral,0.524
Board of directors approves regular quarterly dividend payout of 45 cents per share,Neutral,-0.056
Board of directors approves regular quarterly dividend payout of 45 cents per share,Neutral,0.149
Board of directors approves regular quarterly dividend payout of 45 cents per share,Neutral,-0.086
Board of directors approves regular quarterly dividend payout of 45 cents per share,Neutral,-0.23
Board of directors approves regular quarterly dividend payout of 45 cents per share,Neutral,-0.053
Board of directors approves regular quarterly dividend payout of 45 cents per share,Neutral,0.091
Board of directors approves regular quarterly dividend payout of 45 cents per share,Neutral,-0.007
Board of directors approves regular quarterly dividend payout of 45 cents per share,Neutral,-0.073
Board of directors approves regular quarterly dividend payout of 45 cents per share,Neutral,-0.252
Board of directors approves regular quarterly dividend payout of 45 cents per share,Neutral,0.079
Board of directors approves regular quarterly dividend payout of 45 cents per share,Neutral,-0.276
Board of directors approves regular quarterly dividend payout of 45 cents per share,Neutral,0.29
Board of directors approves regular quarterly dividend payout of 45 cents per share,Neutral,0.121
Board of directors approves regular quarterly dividend payout of 45 cents per share,Neutral,-0.264
Board of directors approves regular quarterly dividend payout of 45 cents per share,Neutral,0.023
Board of directors approves regular quarterly dividend payout of 45 cents per share,Neutral,-0.088
Board of directors approves regular quarterly dividend payout of 45 cents per share,Neutral,0.18
Board of directors approves regular quarterly dividend payout of 45 cents per share,Neutral,0.435
Board of directors approves regular quarterly dividend payout of 45 cents per share,Neutral,-0.369
Board of directors approves regular quarterly dividend payout of 45 cents per share,Neutral,0.129
Board of directors approves regular quarterly dividend payout of 45 cents per share,Neutral,0.06
Board of directors approves regular quarterly dividend payout of 45 cents per share,Neutral,0.268
Board of directors approves regular quarterly dividend payout of 45 cents per share,Neutral,0.153
Board of directors approves regular quarterly dividend payout of 45 cents per share,Neutral,-0.088
Board of directors approves regular quarterly dividend payout of 45 cents per share,Neutral,0.02
Board of directors approves regular quarterly dividend payout of 45 cents per share,Neutral,-0.099
Board of directors approves regular quarterly dividend payout of 45 cents per share,Neutral,0.369
Board of directors approves regular quarterly dividend payout of 45 cents per share,Neutral,0.105
Company schedules annual general shareholder meeting for next Tuesday morning,Neutral,0.475
Company schedules annual general shareholder meeting for next Tuesday morning,Neutral,-0.015
Company schedules annual general shareholder meeting for next Tuesday morning,Neutral,-0.177
Company schedules annual general shareholder meeting for next Tuesday morning,Neutral,-0.378
Company schedules annual general shareholder meeting for next Tuesday morning,Neutral,-0.451
Company schedules annual general shareholder meeting for next Tuesday morning,Neutral,-0.396
Company schedules annual general shareholder meeting for next Tuesday morning,Neutral,0.067
Company schedules annual general shareholder meeting for next Tuesday morning,Neutral,0.127
Company schedules annual general shareholder meeting for next Tuesday morning,Neutral,-0.395
Company schedules annual general shareholder meeting for next Tuesday morning,Neutral,0.224
Company schedules annual general shareholder meeting for next Tuesday morning,Neutral,-0.121
Company schedules annual general shareholder meeting for next Tuesday morning,Neutral,0.037
Company schedules annual general shareholder meeting for next Tuesday morning,Neutral,0.403
Company schedules annual general shareholder meeting for next Tuesday morning,Neutral,0.224
Company schedules annual general shareholder meeting for next Tuesday morning,Neutral,-0.067
Company schedules annual general shareholder meeting for next Tuesday morning,Neutral,-0.223
Company schedules annual general shareholder meeting for next Tuesday morning,Neutral,-0.538
Company schedules annual general shareholder meeting for next Tuesday morning,Neutral,-0.18
Company schedules annual general shareholder meeting for next Tuesday morning,Neutral,-0.053
Company schedules annual general shareholder meeting for next Tuesday morning,Neutral,-0.247
Company schedules annual general shareholder meeting for next Tuesday morning,Neutral,-0.033
Company schedules annual general shareholder meeting for next Tuesday morning,Neutral,0.019
Company schedules annual general shareholder meeting for next Tuesday morning,Neutral,-0.056
Company schedules annual general shareholder meeting for next Tuesday morning,Neutral,-0.163
Company schedules annual general shareholder meeting for next Tuesday morning,Neutral,0.042
Company schedules annual general shareholder meeting for next Tuesday morning,Neutral,0.11
Company schedules annual general shareholder meeting for next Tuesday morning,Neutral,-0.273
Company schedules annual general shareholder meeting for next Tuesday morning,Neutral,0.353
Company schedules annual general shareholder meeting for next Tuesday morning,Neutral,-0.025
Company schedules annual general shareholder meeting for next Tuesday morning,Neutral,0.005
Company schedules annual general shareholder meeting for next Tuesday morning,Neutral,0.177
Company schedules annual general shareholder meeting for next Tuesday morning,Neutral,0.058
Company schedules annual general shareholder meeting for next Tuesday morning,Neutral,0.238
Company schedules annual general shareholder meeting for next Tuesday morning,Neutral,0.072
Company schedules annual general shareholder meeting for next Tuesday morning,Neutral,-0.153
Company schedules annual general shareholder meeting for next Tuesday morning,Neutral,0.09
Company schedules annual general shareholder meeting for next Tuesday morning,Neutral,-0.286
Company schedules annual general shareholder meeting for next Tuesday morning,Neutral,0.027
Company schedules annual general shareholder meeting for next Tuesday morning,Neutral,-0.008
Company schedules annual general shareholder meeting for next Tuesday morning,Neutral,-0.052
Company schedules annual general shareholder meeting for next Tuesday morning,Neutral,-0.032
Company schedules annual general shareholder meeting for next Tuesday morning,Neutral,-0.47
Company schedules annual general shareholder meeting for next Tuesday morning,Neutral,-0.137
Company schedules annual general shareholder meeting for next Tuesday morning,Neutral,0.023
Company schedules annual general shareholder meeting for next Tuesday morning,Neutral,0.04
Company schedules annual general shareholder meeting for next Tuesday morning,Neutral,-0.257
Company schedules annual general shareholder meeting for next Tuesday morning,Neutral,0.316
Company schedules annual general shareholder meeting for next Tuesday morning,Neutral,-0.217
Company schedules annual general shareholder meeting for next Tuesday morning,Neutral,0.242
Company schedules annual general shareholder meeting for next Tuesday morning,Neutral,0.107
Company schedules annual general shareholder meeting for next Tuesday morning,Neutral,-0.162
Company schedules annual general shareholder meeting for next Tuesday morning,Neutral,0.444
Company schedules annual general shareholder meeting for next Tuesday morning,Neutral,-0.298
Company schedules annual general shareholder meeting for next Tuesday morning,Neutral,0.23
Company schedules annual general shareholder meeting for next Tuesday morning,Neutral,0.25
Company schedules annual general shareholder meeting for next Tuesday morning,Neutral,-0.168
Company schedules annual general shareholder meeting for next Tuesday morning,Neutral,0.348
Company schedules annual general shareholder meeting for next Tuesday morning,Neutral,-0.063
Company schedules annual general shareholder meeting for next Tuesday morning,Neutral,0.072
Company schedules annual general shareholder meeting for next Tuesday morning,Neutral,0.065
Company schedules annual general shareholder meeting for next Tuesday morning,Neutral,-0.034
Company schedules annual general shareholder meeting for next Tuesday morning,Neutral,0.203
Company schedules annual general shareholder meeting for next Tuesday morning,Neutral,0.198
Company schedules annual general shareholder meeting for next Tuesday morning,Neutral,-0.437
Company schedules annual general shareholder meeting for next Tuesday morning,Neutral,0.326
Company schedules annual general shareholder meeting for next Tuesday morning,Neutral,-0.416
Company schedules annual general shareholder meeting for next Tuesday morning,Neutral,0.258
Company schedules annual general shareholder meeting for next Tuesday morning,Neutral,0.282
Company schedules annual general shareholder meeting for next Tuesday morning,Neutral,-0.273
Company schedules annual general shareholder meeting for next Tuesday morning,Neutral,-0.103
Company schedules annual general shareholder meeting for next Tuesday morning,Neutral,-0.276
Company schedules annual general shareholder meeting for next Tuesday morning,Neutral,-0.054
Company schedules annual general shareholder meeting for next Tuesday morning,Neutral,-0.077
Company schedules annual general shareholder meeting for next Tuesday morning,Neutral,0.195
Company schedules annual general shareholder meeting for next Tuesday morning,Neutral,0.328
Company schedules annual general shareholder meeting for next Tuesday morning,Neutral,0.349
Company schedules annual general shareholder meeting for next Tuesday morning,Neutral,-0.141
Company schedules annual general shareholder meeting for next Tuesday morning,Neutral,-0.052
Company schedules annual general shareholder meeting for next Tuesday morning,Neutral,-0.421
Company schedules annual general shareholder meeting for next Tuesday morning,Neutral,-0.201
Company schedules annual general shareholder meeting for next Tuesday morning,Neutral,0.241
Company schedules annual general shareholder meeting for next Tuesday morning,Neutral,0.404
Company schedules annual general shareholder meeting for next Tuesday morning,Neutral,-0.309
Company schedules annual general shareholder meeting for next Tuesday morning,Neutral,-0.148
Company schedules annual general shareholder meeting for next Tuesday morning,Neutral,-0.007
Company schedules annual general shareholder meeting for next Tuesday morning,Neutral,0.07
Company schedules annual general shareholder meeting for next Tuesday morning,Neutral,-0.202
Company schedules annual general shareholder meeting for next Tuesday morning,Neutral,0.106
Company schedules annual general shareholder meeting for next Tuesday morning,Neutral,-0.118
Company schedules annual general shareholder meeting for next Tuesday morning,Neutral,-0.004
Company schedules annual general shareholder meeting for next Tuesday morning,Neutral,0.137
Company schedules annual general shareholder meeting for next Tuesday morning,Neutral,0.002
Company schedules annual general shareholder meeting for next Tuesday morning,Neutral,-0.109
Company schedules annual general shareholder meeting for next Tuesday morning,Neutral,-0.027
Company schedules annual general shareholder meeting for next Tuesday morning,Neutral,-0.022
Company schedules annual general shareholder meeting for next Tuesday morning,Neutral,-0.093
Company schedules annual general shareholder meeting for next Tuesday morning,Neutral,-0.065
Company schedules annual general shareholder meeting for next Tuesday morning,Neutral,0.4
Company schedules annual general shareholder meeting for next Tuesday morning,Neutral,0.14
Company schedules annual general shareholder meeting for next Tuesday morning,Neutral,-0.074
Company schedules annual general shareholder meeting for next Tuesday morning,Neutral,0.174
Company schedules annual general shareholder meeting for next Tuesday morning,Neutral,-0.083
Company schedules annual general shareholder meeting for next Tuesday morning,Neutral,0.293
Company schedules annual general shareholder meeting for next Tuesday morning,Neutral,0.092
Company schedules annual general shareholder meeting for next Tuesday morning,Neutral,-0.027
Company schedules annual general shareholder meeting for next Tuesday morning,Neutral,0.112
Company schedules annual general shareholder meeting for next Tuesday morning,Neutral,-0.393
Company schedules annual general shareholder meeting for next Tuesday morning,Neutral,-0.282
Company schedules annual general shareholder meeting for next Tuesday morning,Neutral,-0.298
Company schedules annual general shareholder meeting for next Tuesday morning,Neutral,0.036
Company schedules annual general shareholder meeting for next Tuesday morning,Neutral,0.433
Company schedules annual general shareholder meeting for next Tuesday morning,Neutral,0.558
Company schedules annual general shareholder meeting for next Tuesday morning,Neutral,0.16
Company schedules annual general shareholder meeting for next Tuesday morning,Neutral,0.125
Company schedules annual general shareholder meeting for next Tuesday morning,Neutral,-0.45
Company schedules annual general shareholder meeting for next Tuesday morning,Neutral,-0.136
Company schedules annual general shareholder meeting for next Tuesday morning,Neutral,-0.197
Company schedules annual general shareholder meeting for next Tuesday morning,Neutral,-0.155
Company schedules annual general shareholder meeting for next Tuesday morning,Neutral,-0.042
Company schedules annual general shareholder meeting for next Tuesday morning,Neutral,-0.118
Trading volume remains flat ahead of upcoming monthly consumer price index release,Neutral,-0.595
Trading volume remains flat ahead of upcoming monthly consumer price index release,Neutral,0.087
Trading volume remains flat ahead of upcoming monthly consumer price index release,Neutral,-0.368
Trading volume remains flat ahead of upcoming monthly consumer price index release,Neutral,-0.04
Trading volume remains flat ahead of upcoming monthly consumer price index release,Neutral,0.419
Trading volume remains flat ahead of upcoming monthly consumer price index release,Neutral,-0.33
Trading volume remains flat ahead of upcoming monthly consumer price index release,Neutral,-0.733
Trading volume remains flat ahead of upcoming monthly consumer price index release,Neutral,-0.172
Trading volume remains flat ahead of upcoming monthly consumer price index release,Neutral,0.175
Trading volume remains flat ahead of upcoming monthly consumer price index release,Neutral,0.39
Trading volume remains flat ahead of upcoming monthly consumer price index release,Neutral,-0.407
Trading volume remains flat ahead of upcoming monthly consumer price index release,Neutral,0.024
Trading volume remains flat ahead of upcoming monthly consumer price index release,Neutral,-0.216
Trading volume remains flat ahead of upcoming monthly consumer price index release,Neutral,-0.126
Trading volume remains flat ahead of upcoming monthly consumer price index release,Neutral,0.561
Trading volume remains flat ahead of upcoming monthly consumer price index release,Neutral,-0.476
Trading volume remains flat ahead of upcoming monthly consumer price index release,Neutral,-0.037
Trading volume remains flat ahead of upcoming monthly consumer price index release,Neutral,0.017
Trading volume remains flat ahead of upcoming monthly consumer price index release,Neutral,0.171
Trading volume remains flat ahead of upcoming monthly consumer price index release,Neutral,-0.076
Trading volume remains flat ahead of upcoming monthly consumer price index release,Neutral,-0.023
Trading volume remains flat ahead of upcoming monthly consumer price index release,Neutral,-0.198
Trading volume remains flat ahead of upcoming monthly consumer price index release,Neutral,-0.033
Trading volume remains flat ahead of upcoming monthly consumer price index release,Neutral,-0.186
Trading volume remains flat ahead of upcoming monthly consumer price index release,Neutral,0.055
Trading volume remains flat ahead of upcoming monthly consumer price index release,Neutral,-0.192
Trading volume remains flat ahead of upcoming monthly consumer price index release,Neutral,-0.006
Trading volume remains flat ahead of upcoming monthly consumer price index release,Neutral,-0.107
Trading volume remains flat ahead of upcoming monthly consumer price index release,Neutral,0.182
Trading volume remains flat ahead of upcoming monthly consumer price index release,Neutral,-0.113
Trading volume remains flat ahead of upcoming monthly consumer price index release,Neutral,-0.543
Trading volume remains flat ahead of upcoming monthly consumer price index release,Neutral,0.215
Trading volume remains flat ahead of upcoming monthly consumer price index release,Neutral,-0.326
Trading volume remains flat ahead of upcoming monthly consumer price index release,Neutral,-0.263
Trading volume remains flat ahead of upcoming monthly consumer price index release,Neutral,-0.249
Trading volume remains flat ahead of upcoming monthly consumer price index release,Neutral,0.244
Trading volume remains flat ahead of upcoming monthly consumer price index release,Neutral,-0.634
Trading volume remains flat ahead of upcoming monthly consumer price index release,Neutral,0.684
Trading volume remains flat ahead of upcoming monthly consumer price index release,Neutral,0.164
Trading volume remains flat ahead of upcoming monthly consumer price index release,Neutral,-0.044
Trading volume remains flat ahead of upcoming monthly consumer price index release,Neutral,-0.114
Trading volume remains flat ahead of upcoming monthly consumer price index release,Neutral,-0.029
Trading volume remains flat ahead of upcoming monthly consumer price index release,Neutral,0.03
Trading volume remains flat ahead of upcoming monthly consumer price index release,Neutral,0.061
Trading volume remains flat ahead of upcoming monthly consumer price index release,Neutral,0.039
Trading volume remains flat ahead of upcoming monthly consumer price index release,Neutral,-0.078
Trading volume remains flat ahead of upcoming monthly consumer price index release,Neutral,-0.149
Trading volume remains flat ahead of upcoming monthly consumer price index release,Neutral,-0.138
Trading volume remains flat ahead of upcoming monthly consumer price index release,Neutral,-0.149
Trading volume remains flat ahead of upcoming monthly consumer price index release,Neutral,0.183
Trading volume remains flat ahead of upcoming monthly consumer price index release,Neutral,0.048
Trading volume remains flat ahead of upcoming monthly consumer price index release,Neutral,-0.835
Trading volume remains flat ahead of upcoming monthly consumer price index release,Neutral,0.064
Trading volume remains flat ahead of upcoming monthly consumer price index release,Neutral,-0.051
Trading volume remains flat ahead of upcoming monthly consumer price index release,Neutral,-0.105
Trading volume remains flat ahead of upcoming monthly consumer price index release,Neutral,-0.197
Trading volume remains flat ahead of upcoming monthly consumer price index release,Neutral,0.181
Trading volume remains flat ahead of upcoming monthly consumer price index release,Neutral,0.137
Trading volume remains flat ahead of upcoming monthly consumer price index release,Neutral,-0.293
Trading volume remains flat ahead of upcoming monthly consumer price index release,Neutral,0.002
Trading volume remains flat ahead of upcoming monthly consumer price index release,Neutral,-0.343
Trading volume remains flat ahead of upcoming monthly consumer price index release,Neutral,-0.445
Trading volume remains flat ahead of upcoming monthly consumer price index release,Neutral,-0.257
Trading volume remains flat ahead of upcoming monthly consumer price index release,Neutral,0.116
Trading volume remains flat ahead of upcoming monthly consumer price index release,Neutral,0.138
Trading volume remains flat ahead of upcoming monthly consumer price index release,Neutral,0.028
Trading volume remains flat ahead of upcoming monthly consumer price index release,Neutral,0.081
Trading volume remains flat ahead of upcoming monthly consumer price index release,Neutral,0.029
Trading volume remains flat ahead of upcoming monthly consumer price index release,Neutral,-0.26
Trading volume remains flat ahead of upcoming monthly consumer price index release,Neutral,0.008
Trading volume remains flat ahead of upcoming monthly consumer price index release,Neutral,0.1
Trading volume remains flat ahead of upcoming monthly consumer price index release,Neutral,0.089
Trading volume remains flat ahead of upcoming monthly consumer price index release,Neutral,0.197
Trading volume remains flat ahead of upcoming monthly consumer price index release,Neutral,0.077
Trading volume remains flat ahead of upcoming monthly consumer price index release,Neutral,-0.012
Trading volume remains flat ahead of upcoming monthly consumer price index release,Neutral,0.168
Trading volume remains flat ahead of upcoming monthly consumer price index release,Neutral,-0.107
Trading volume remains flat ahead of upcoming monthly consumer price index release,Neutral,-0.32
Trading volume remains flat ahead of upcoming monthly consumer price index release,Neutral,-0.141
Trading volume remains flat ahead of upcoming monthly consumer price index release,Neutral,-0.286
Trading volume remains flat ahead of upcoming monthly consumer price index release,Neutral,-0.269
Trading volume remains flat ahead of upcoming monthly consumer price index release,Neutral,-0.136
Trading volume remains flat ahead of upcoming monthly consumer price index release,Neutral,-0.298
Trading volume remains flat ahead of upcoming monthly consumer price index release,Neutral,-0.177
Trading volume remains flat ahead of upcoming monthly consumer price index release,Neutral,-0.573
Trading volume remains flat ahead of upcoming monthly consumer price index release,Neutral,-0.047
Trading volume remains flat ahead of upcoming monthly consumer price index release,Neutral,-0.1
Trading volume remains flat ahead of upcoming monthly consumer price index release,Neutral,-0.304
Trading volume remains flat ahead of upcoming monthly consumer price index release,Neutral,0.065
Trading volume remains flat ahead of upcoming monthly consumer price index release,Neutral,0.134
Trading volume remains flat ahead of upcoming monthly consumer price index release,Neutral,-0.502
Trading volume remains flat ahead of upcoming monthly consumer price index release,Neutral,-0.291
Trading volume remains flat ahead of upcoming monthly consumer price index release,Neutral,-0.292
Trading volume remains flat ahead of upcoming monthly consumer price index release,Neutral,-0.335
Trading volume remains flat ahead of upcoming monthly consumer price index release,Neutral,0.107
Trading volume remains flat ahead of upcoming monthly consumer price index release,Neutral,-0.148
Trading volume remains flat ahead of upcoming monthly consumer price index release,Neutral,-0.166
Trading volume remains flat ahead of upcoming monthly consumer price index release,Neutral,-0.601
Trading volume remains flat ahead of upcoming monthly consumer price index release,Neutral,0.059
Trading volume remains flat ahead of upcoming monthly consumer price index release,Neutral,-0.41
Trading volume remains flat ahead of upcoming monthly consumer price index release,Neutral,-0.085
Trading volume remains flat ahead of upcoming monthly consumer price index release,Neutral,-0.031
Trading volume remains flat ahead of upcoming monthly consumer price index release,Neutral,0.24
Trading volume remains flat ahead of upcoming monthly consumer price index release,Neutral,-0.427
Trading volume remains flat ahead of upcoming monthly consumer price index release,Neutral,-0.855
Trading volume remains flat ahead of upcoming monthly consumer price index release,Neutral,-0.054
Trading volume remains flat ahead of upcoming monthly consumer price index release,Neutral,0.35
Trading volume remains flat ahead of upcoming monthly consumer price index release,Neutral,0.21
Trading volume remains flat ahead of upcoming monthly consumer price index release,Neutral,-0.048
Trading volume remains flat ahead of upcoming monthly consumer price index release,Neutral,-0.223
Trading volume remains flat ahead of upcoming monthly consumer price index release,Neutral,0.102
Trading volume remains flat ahead of upcoming monthly consumer price index release,Neutral,-0.343
Trading volume remains flat ahead of upcoming monthly consumer price index release,Neutral,0.019
Trading volume remains flat ahead of upcoming monthly consumer price index release,Neutral,0.026
Trading volume remains flat ahead of upcoming monthly consumer price index release,Neutral,0.165
Trading volume remains flat ahead of upcoming monthly consumer price index release,Neutral,0.59
Trading volume remains flat ahead of upcoming monthly consumer price index release,Neutral,-0.002
Trading volume remains flat ahead of upcoming monthly consumer price index release,Neutral,-0.227
Trading volume remains flat ahead of upcoming monthly consumer price index release,Neutral,-0.106
Trading volume remains flat ahead of upcoming monthly consumer price index release,Neutral,-0.542
Executive committee appoints new chief operating officer with 20 years industry experience,Neutral,0.026
Executive committee appoints new chief operating officer with 20 years industry experience,Neutral,0.098
Executive committee appoints new chief operating officer with 20 years industry experience,Neutral,0.069
Executive committee appoints new chief operating officer with 20 years industry experience,Neutral,0.238
Executive committee appoints new chief operating officer with 20 years industry experience,Neutral,-0.006
Executive committee appoints new chief operating officer with 20 years industry experience,Neutral,0.48
Executive committee appoints new chief operating officer with 20 years industry experience,Neutral,0.2
Executive committee appoints new chief operating officer with 20 years industry experience,Neutral,0.198
Executive committee appoints new chief operating officer with 20 years industry experience,Neutral,0.118
Executive committee appoints new chief operating officer with 20 years industry experience,Neutral,0.239
Executive committee appoints new chief operating officer with 20 years industry experience,Neutral,0.406
Executive committee appoints new chief operating officer with 20 years industry experience,Neutral,-0.017
Executive committee appoints new chief operating officer with 20 years industry experience,Neutral,0.035
Executive committee appoints new chief operating officer with 20 years industry experience,Neutral,0.124
Executive committee appoints new chief operating officer with 20 years industry experience,Neutral,-0.136
Executive committee appoints new chief operating officer with 20 years industry experience,Neutral,-0.005
Executive committee appoints new chief operating officer with 20 years industry experience,Neutral,0.081
Executive committee appoints new chief operating officer with 20 years industry experience,Neutral,0.419
Executive committee appoints new chief operating officer with 20 years industry experience,Neutral,0.266
Executive committee appoints new chief operating officer with 20 years industry experience,Neutral,0.248
Executive committee appoints new chief operating officer with 20 years industry experience,Neutral,0.413
Executive committee appoints new chief operating officer with 20 years industry experience,Neutral,0.166
Executive committee appoints new chief operating officer with 20 years industry experience,Neutral,0.298
Executive committee appoints new chief operating officer with 20 years industry experience,Neutral,0.174
Executive committee appoints new chief operating officer with 20 years industry experience,Neutral,0.266
Executive committee appoints new chief operating officer with 20 years industry experience,Neutral,0.054
Executive committee appoints new chief operating officer with 20 years industry experience,Neutral,-0.41
Executive committee appoints new chief operating officer with 20 years industry experience,Neutral,0.166
Executive committee appoints new chief operating officer with 20 years industry experience,Neutral,0.556
Executive committee appoints new chief operating officer with 20 years industry experience,Neutral,0.432
Executive committee appoints new chief operating officer with 20 years industry experience,Neutral,0.441
Executive committee appoints new chief operating officer with 20 years industry experience,Neutral,0.509
Executive committee appoints new chief operating officer with 20 years industry experience,Neutral,0.222
Executive committee appoints new chief operating officer with 20 years industry experience,Neutral,0.249
Executive committee appoints new chief operating officer with 20 years industry experience,Neutral,0.046
Executive committee appoints new chief operating officer with 20 years industry experience,Neutral,0.121
Executive committee appoints new chief operating officer with 20 years industry experience,Neutral,0.354
Executive committee appoints new chief operating officer with 20 years industry experience,Neutral,0.501
Executive committee appoints new chief operating officer with 20 years industry experience,Neutral,0.165
Executive committee appoints new chief operating officer with 20 years industry experience,Neutral,0.087
Executive committee appoints new chief operating officer with 20 years industry experience,Neutral,0.2
Executive committee appoints new chief operating officer with 20 years industry experience,Neutral,0.35
Executive committee appoints new chief operating officer with 20 years industry experience,Neutral,-0.161
Executive committee appoints new chief operating officer with 20 years industry experience,Neutral,-0.374
Executive committee appoints new chief operating officer with 20 years industry experience,Neutral,0.062
Executive committee appoints new chief operating officer with 20 years industry experience,Neutral,-0.105
Executive committee appoints new chief operating officer with 20 years industry experience,Neutral,0.073
Executive committee appoints new chief operating officer with 20 years industry experience,Neutral,0.163
Executive committee appoints new chief operating officer with 20 years industry experience,Neutral,0.087
Executive committee appoints new chief operating officer with 20 years industry experience,Neutral,0.563
Executive committee appoints new chief operating officer with 20 years industry experience,Neutral,0.282
Executive committee appoints new chief operating officer with 20 years industry experience,Neutral,0.275
Executive committee appoints new chief operating officer with 20 years industry experience,Neutral,0.356
Executive committee appoints new chief operating officer with 20 years industry experience,Neutral,-0.085
Executive committee appoints new chief operating officer with 20 years industry experience,Neutral,0.46
Executive committee appoints new chief operating officer with 20 years industry experience,Neutral,0.181
Executive committee appoints new chief operating officer with 20 years industry experience,Neutral,0.368
Executive committee appoints new chief operating officer with 20 years industry experience,Neutral,-0.068
Executive committee appoints new chief operating officer with 20 years industry experience,Neutral,-0.188
Executive committee appoints new chief operating officer with 20 years industry experience,Neutral,0.404
Executive committee appoints new chief operating officer with 20 years industry experience,Neutral,0.294
Executive committee appoints new chief operating officer with 20 years industry experience,Neutral,-0.026
Executive committee appoints new chief operating officer with 20 years industry experience,Neutral,-0.017
Executive committee appoints new chief operating officer with 20 years industry experience,Neutral,0.481
Executive committee appoints new chief operating officer with 20 years industry experience,Neutral,-0.097
Executive committee appoints new chief operating officer with 20 years industry experience,Neutral,0.611
Executive committee appoints new chief operating officer with 20 years industry experience,Neutral,-0.025
Executive committee appoints new chief operating officer with 20 years industry experience,Neutral,0.36
Executive committee appoints new chief operating officer with 20 years industry experience,Neutral,0.118
Executive committee appoints new chief operating officer with 20 years industry experience,Neutral,0.351
Executive committee appoints new chief operating officer with 20 years industry experience,Neutral,0.064
Executive committee appoints new chief operating officer with 20 years industry experience,Neutral,0.159
Executive committee appoints new chief operating officer with 20 years industry experience,Neutral,0.21
Executive committee appoints new chief operating officer with 20 years industry experience,Neutral,-0.051
Executive committee appoints new chief operating officer with 20 years industry experience,Neutral,0.385
Executive committee appoints new chief operating officer with 20 years industry experience,Neutral,0.072
Executive committee appoints new chief operating officer with 20 years industry experience,Neutral,0.143
Executive committee appoints new chief operating officer with 20 years industry experience,Neutral,-0.049
Executive committee appoints new chief operating officer with 20 years industry experience,Neutral,-0.441
Executive committee appoints new chief operating officer with 20 years industry experience,Neutral,0.152
Executive committee appoints new chief operating officer with 20 years industry experience,Neutral,0.803
Executive committee appoints new chief operating officer with 20 years industry experience,Neutral,0.396
Executive committee appoints new chief operating officer with 20 years industry experience,Neutral,0.195
Executive committee appoints new chief operating officer with 20 years industry experience,Neutral,0.134
Executive committee appoints new chief operating officer with 20 years industry experience,Neutral,0.206
Executive committee appoints new chief operating officer with 20 years industry experience,Neutral,0.337
Executive committee appoints new chief operating officer with 20 years industry experience,Neutral,-0.095
Executive committee appoints new chief operating officer with 20 years industry experience,Neutral,0.479
Executive committee appoints new chief operating officer with 20 years industry experience,Neutral,0.379
Executive committee appoints new chief operating officer with 20 years industry experience,Neutral,0.38
Executive committee appoints new chief operating officer with 20 years industry experience,Neutral,0.31
Executive committee appoints new chief operating officer with 20 years industry experience,Neutral,0.205
Executive committee appoints new chief operating officer with 20 years industry experience,Neutral,0.368
Executive committee appoints new chief operating officer with 20 years industry experience,Neutral,0.348
Executive committee appoints new chief operating officer with 20 years industry experience,Neutral,0.111
Executive committee appoints new chief operating officer with 20 years industry experience,Neutral,0.057
Executive committee appoints new chief operating officer with 20 years industry experience,Neutral,0.225
Executive committee appoints new chief operating officer with 20 years industry experience,Neutral,0.587
Executive committee appoints new chief operating officer with 20 years industry experience,Neutral,-0.11
Executive committee appoints new chief operating officer with 20 years industry experience,Neutral,-0.167
Executive committee appoints new chief operating officer with 20 years industry experience,Neutral,0.241
Executive committee appoints new chief operating officer with 20 years industry experience,Neutral,0.213
Executive committee appoints new chief operating officer with 20 years industry experience,Neutral,0.243
Executive committee appoints new chief operating officer with 20 years industry experience,Neutral,0.261
Executive committee appoints new chief operating officer with 20 years industry experience,Neutral,0.144
Executive committee appoints new chief operating officer with 20 years industry experience,Neutral,0.572
Executive committee appoints new chief operating officer with 20 years industry experience,Neutral,-0.2
Executive committee appoints new chief operating officer with 20 years industry experience,Neutral,-0.007
Executive committee appoints new chief operating officer with 20 years industry experience,Neutral,0.174
Executive committee appoints new chief operating officer with 20 years industry experience,Neutral,-0.211
Executive committee appoints new chief operating officer with 20 years industry experience,Neutral,0.156
Executive committee appoints new chief operating officer with 20 years industry experience,Neutral,0.615
Executive committee appoints new chief operating officer with 20 years industry experience,Neutral,0.205
Executive committee appoints new chief operating officer with 20 years industry experience,Neutral,0.258
Executive committee appoints new chief operating officer with 20 years industry experience,Neutral,-0.115
Executive committee appoints new chief operating officer with 20 years industry experience,Neutral,0.046
Executive committee appoints new chief operating officer with 20 years industry experience,Neutral,0.106
Executive committee appoints new chief operating officer with 20 years industry experience,Neutral,0.121
Executive committee appoints new chief operating officer with 20 years industry experience,Neutral,0.52
Executive committee appoints new chief operating officer with 20 years industry experience,Neutral,0.339
Company submits routine quarterly 10-Q filing to securities regulatory authority,Neutral,-0.278
Company submits routine quarterly 10-Q filing to securities regulatory authority,Neutral,0.062
Company submits routine quarterly 10-Q filing to securities regulatory authority,Neutral,0.125
Company submits routine quarterly 10-Q filing to securities regulatory authority,Neutral,0.285
Company submits routine quarterly 10-Q filing to securities regulatory authority,Neutral,0.395
Company submits routine quarterly 10-Q filing to securities regulatory authority,Neutral,-0.254
Company submits routine quarterly 10-Q filing to securities regulatory authority,Neutral,-0.203
Company submits routine quarterly 10-Q filing to securities regulatory authority,Neutral,-0.314
Company submits routine quarterly 10-Q filing to securities regulatory authority,Neutral,-0.059
Company submits routine quarterly 10-Q filing to securities regulatory authority,Neutral,0.117
Company submits routine quarterly 10-Q filing to securities regulatory authority,Neutral,0.247
Company submits routine quarterly 10-Q filing to securities regulatory authority,Neutral,-0.019
Company submits routine quarterly 10-Q filing to securities regulatory authority,Neutral,-0.08
Company submits routine quarterly 10-Q filing to securities regulatory authority,Neutral,0.038
Company submits routine quarterly 10-Q filing to securities regulatory authority,Neutral,-0.209
Company submits routine quarterly 10-Q filing to securities regulatory authority,Neutral,0.522
Company submits routine quarterly 10-Q filing to securities regulatory authority,Neutral,-0.402
Company submits routine quarterly 10-Q filing to securities regulatory authority,Neutral,0.046
Company submits routine quarterly 10-Q filing to securities regulatory authority,Neutral,0.506
Company submits routine quarterly 10-Q filing to securities regulatory authority,Neutral,0.002
Company submits routine quarterly 10-Q filing to securities regulatory authority,Neutral,-0.048
Company submits routine quarterly 10-Q filing to securities regulatory authority,Neutral,-0.089
Company submits routine quarterly 10-Q filing to securities regulatory authority,Neutral,-0.045
Company submits routine quarterly 10-Q filing to securities regulatory authority,Neutral,0.343
Company submits routine quarterly 10-Q filing to securities regulatory authority,Neutral,-0.553
Company submits routine quarterly 10-Q filing to securities regulatory authority,Neutral,0.383
Company submits routine quarterly 10-Q filing to securities regulatory authority,Neutral,-0.356
Company submits routine quarterly 10-Q filing to securities regulatory authority,Neutral,-0.067
Company submits routine quarterly 10-Q filing to securities regulatory authority,Neutral,-0.107
Company submits routine quarterly 10-Q filing to securities regulatory authority,Neutral,0.147
Company submits routine quarterly 10-Q filing to securities regulatory authority,Neutral,-0.4
Company submits routine quarterly 10-Q filing to securities regulatory authority,Neutral,0.116
Company submits routine quarterly 10-Q filing to securities regulatory authority,Neutral,0.506
Company submits routine quarterly 10-Q filing to securities regulatory authority,Neutral,-0.341
Company submits routine quarterly 10-Q filing to securities regulatory authority,Neutral,0.047
Company submits routine quarterly 10-Q filing to securities regulatory authority,Neutral,-0.165
Company submits routine quarterly 10-Q filing to securities regulatory authority,Neutral,0.106
Company submits routine quarterly 10-Q filing to securities regulatory authority,Neutral,0.005
Company submits routine quarterly 10-Q filing to securities regulatory authority,Neutral,-0.16
Company submits routine quarterly 10-Q filing to securities regulatory authority,Neutral,0.122
Company submits routine quarterly 10-Q filing to securities regulatory authority,Neutral,0.451
Company submits routine quarterly 10-Q filing to securities regulatory authority,Neutral,-0.048
Company submits routine quarterly 10-Q filing to securities regulatory authority,Neutral,0.18
Company submits routine quarterly 10-Q filing to securities regulatory authority,Neutral,-0.323
Company submits routine quarterly 10-Q filing to securities regulatory authority,Neutral,-0.239
Company submits routine quarterly 10-Q filing to securities regulatory authority,Neutral,0.118
Company submits routine quarterly 10-Q filing to securities regulatory authority,Neutral,0.371
Company submits routine quarterly 10-Q filing to securities regulatory authority,Neutral,0.089
Company submits routine quarterly 10-Q filing to securities regulatory authority,Neutral,-0.078
Company submits routine quarterly 10-Q filing to securities regulatory authority,Neutral,-0.0
Company submits routine quarterly 10-Q filing to securities regulatory authority,Neutral,-0.313
Company submits routine quarterly 10-Q filing to securities regulatory authority,Neutral,0.151
Company submits routine quarterly 10-Q filing to securities regulatory authority,Neutral,0.221
Company submits routine quarterly 10-Q filing to securities regulatory authority,Neutral,-0.113
Company submits routine quarterly 10-Q filing to securities regulatory authority,Neutral,-0.118
Company submits routine quarterly 10-Q filing to securities regulatory authority,Neutral,0.066
Company submits routine quarterly 10-Q filing to securities regulatory authority,Neutral,-0.109
Company submits routine quarterly 10-Q filing to securities regulatory authority,Neutral,-0.017
Company submits routine quarterly 10-Q filing to securities regulatory authority,Neutral,0.525
Company submits routine quarterly 10-Q filing to securities regulatory authority,Neutral,-0.062
Company submits routine quarterly 10-Q filing to securities regulatory authority,Neutral,-0.09
Company submits routine quarterly 10-Q filing to securities regulatory authority,Neutral,-0.162
Company submits routine quarterly 10-Q filing to securities regulatory authority,Neutral,0.186
Company submits routine quarterly 10-Q filing to securities regulatory authority,Neutral,-0.045
Company submits routine quarterly 10-Q filing to securities regulatory authority,Neutral,-0.162
Company submits routine quarterly 10-Q filing to securities regulatory authority,Neutral,0.33
Company submits routine quarterly 10-Q filing to securities regulatory authority,Neutral,0.355
Company submits routine quarterly 10-Q filing to securities regulatory authority,Neutral,-0.15
Company submits routine quarterly 10-Q filing to securities regulatory authority,Neutral,-0.467
Company submits routine quarterly 10-Q filing to securities regulatory authority,Neutral,0.252
Company submits routine quarterly 10-Q filing to securities regulatory authority,Neutral,-0.171
Company submits routine quarterly 10-Q filing to securities regulatory authority,Neutral,0.198
Company submits routine quarterly 10-Q filing to securities regulatory authority,Neutral,-0.493
Company submits routine quarterly 10-Q filing to securities regulatory authority,Neutral,0.223
Company submits routine quarterly 10-Q filing to securities regulatory authority,Neutral,-0.303
Company submits routine quarterly 10-Q filing to securities regulatory authority,Neutral,0.183
Company submits routine quarterly 10-Q filing to securities regulatory authority,Neutral,0.004
Company submits routine quarterly 10-Q filing to securities regulatory authority,Neutral,-0.238
Company submits routine quarterly 10-Q filing to securities regulatory authority,Neutral,-0.102
Company submits routine quarterly 10-Q filing to securities regulatory authority,Neutral,0.172
Company submits routine quarterly 10-Q filing to securities regulatory authority,Neutral,0.026
Company submits routine quarterly 10-Q filing to securities regulatory authority,Neutral,0.146
Company submits routine quarterly 10-Q filing to securities regulatory authority,Neutral,0.494
Company submits routine quarterly 10-Q filing to securities regulatory authority,Neutral,-0.391
Company submits routine quarterly 10-Q filing to securities regulatory authority,Neutral,0.404
Company submits routine quarterly 10-Q filing to securities regulatory authority,Neutral,0.026
Company submits routine quarterly 10-Q filing to securities regulatory authority,Neutral,-0.225
Company submits routine quarterly 10-Q filing to securities regulatory authority,Neutral,-0.333
Company submits routine quarterly 10-Q filing to securities regulatory authority,Neutral,-0.047
Company submits routine quarterly 10-Q filing to securities regulatory authority,Neutral,0.23
Company submits routine quarterly 10-Q filing to securities regulatory authority,Neutral,-0.032
Company submits routine quarterly 10-Q filing to securities regulatory authority,Neutral,0.378
Company submits routine quarterly 10-Q filing to securities regulatory authority,Neutral,-0.363
Company submits routine quarterly 10-Q filing to securities regulatory authority,Neutral,-0.003
Company submits routine quarterly 10-Q filing to securities regulatory authority,Neutral,-0.313
Company submits routine quarterly 10-Q filing to securities regulatory authority,Neutral,0.091
Company submits routine quarterly 10-Q filing to securities regulatory authority,Neutral,0.222
Company submits routine quarterly 10-Q filing to securities regulatory authority,Neutral,-0.105
Company submits routine quarterly 10-Q filing to securities regulatory authority,Neutral,-0.651
Company submits routine quarterly 10-Q filing to securities regulatory authority,Neutral,0.05
Company submits routine quarterly 10-Q filing to securities regulatory authority,Neutral,0.109
Company submits routine quarterly 10-Q filing to securities regulatory authority,Neutral,0.101
Company submits routine quarterly 10-Q filing to securities regulatory authority,Neutral,0.309
Company submits routine quarterly 10-Q filing to securities regulatory authority,Neutral,-0.268
Company submits routine quarterly 10-Q filing to securities regulatory authority,Neutral,0.17
Company submits routine quarterly 10-Q filing to securities regulatory authority,Neutral,0.298
Company submits routine quarterly 10-Q filing to securities regulatory authority,Neutral,-0.445
Company submits routine quarterly 10-Q filing to securities regulatory authority,Neutral,0.08
Company submits routine quarterly 10-Q filing to securities regulatory authority,Neutral,-0.126
Company submits routine quarterly 10-Q filing to securities regulatory authority,Neutral,-0.02
Company submits routine quarterly 10-Q filing to securities regulatory authority,Neutral,0.087
Company submits routine quarterly 10-Q filing to securities regulatory authority,Neutral,-0.122
Company submits routine quarterly 10-Q filing to securities regulatory authority,Neutral,-0.169
Company submits routine quarterly 10-Q filing to securities regulatory authority,Neutral,0.009
Company submits routine quarterly 10-Q filing to securities regulatory authority,Neutral,-0.272
Company submits routine quarterly 10-Q filing to securities regulatory authority,Neutral,-0.271
Company submits routine quarterly 10-Q filing to securities regulatory authority,Neutral,0.17
Company submits routine quarterly 10-Q filing to securities regulatory authority,Neutral,-0.287
Company submits routine quarterly 10-Q filing to securities regulatory authority,Neutral,0.167
Company submits routine quarterly 10-Q filing to securities regulatory authority,Neutral,0.116
Financial markets trade in tight range as investors digest macroeconomic indicators,Neutral,-0.481
Financial markets trade in tight range as investors digest macroeconomic indicators,Neutral,-0.219
Financial markets trade in tight range as investors digest macroeconomic indicators,Neutral,0.249
Financial markets trade in tight range as investors digest macroeconomic indicators,Neutral,-0.295
Financial markets trade in tight range as investors digest macroeconomic indicators,Neutral,-0.166
Financial markets trade in tight range as investors digest macroeconomic indicators,Neutral,0.066
Financial markets trade in tight range as investors digest macroeconomic indicators,Neutral,0.146
Financial markets trade in tight range as investors digest macroeconomic indicators,Neutral,-0.113
Financial markets trade in tight range as investors digest macroeconomic indicators,Neutral,-0.199
Financial markets trade in tight range as investors digest macroeconomic indicators,Neutral,0.306
Financial markets trade in tight range as investors digest macroeconomic indicators,Neutral,0.385
Financial markets trade in tight range as investors digest macroeconomic indicators,Neutral,0.195
Financial markets trade in tight range as investors digest macroeconomic indicators,Neutral,-0.029
Financial markets trade in tight range as investors digest macroeconomic indicators,Neutral,-0.252
Financial markets trade in tight range as investors digest macroeconomic indicators,Neutral,-0.258
Financial markets trade in tight range as investors digest macroeconomic indicators,Neutral,0.081
Financial markets trade in tight range as investors digest macroeconomic indicators,Neutral,0.055
Financial markets trade in tight range as investors digest macroeconomic indicators,Neutral,0.3
Financial markets trade in tight range as investors digest macroeconomic indicators,Neutral,0.113
Financial markets trade in tight range as investors digest macroeconomic indicators,Neutral,-0.426
Financial markets trade in tight range as investors digest macroeconomic indicators,Neutral,0.213
Financial markets trade in tight range as investors digest macroeconomic indicators,Neutral,-0.3
Financial markets trade in tight range as investors digest macroeconomic indicators,Neutral,-0.146
Financial markets trade in tight range as investors digest macroeconomic indicators,Neutral,0.013
Financial markets trade in tight range as investors digest macroeconomic indicators,Neutral,0.449
Financial markets trade in tight range as investors digest macroeconomic indicators,Neutral,0.727
Financial markets trade in tight range as investors digest macroeconomic indicators,Neutral,0.102
Financial markets trade in tight range as investors digest macroeconomic indicators,Neutral,-0.096
Financial markets trade in tight range as investors digest macroeconomic indicators,Neutral,0.084
Financial markets trade in tight range as investors digest macroeconomic indicators,Neutral,0.172
Financial markets trade in tight range as investors digest macroeconomic indicators,Neutral,-0.13
Financial markets trade in tight range as investors digest macroeconomic indicators,Neutral,0.399
Financial markets trade in tight range as investors digest macroeconomic indicators,Neutral,0.008
Financial markets trade in tight range as investors digest macroeconomic indicators,Neutral,0.074
Financial markets trade in tight range as investors digest macroeconomic indicators,Neutral,0.116
Financial markets trade in tight range as investors digest macroeconomic indicators,Neutral,0.055
Financial markets trade in tight range as investors digest macroeconomic indicators,Neutral,0.16
Financial markets trade in tight range as investors digest macroeconomic indicators,Neutral,-0.204
Financial markets trade in tight range as investors digest macroeconomic indicators,Neutral,-0.19
Financial markets trade in tight range as investors digest macroeconomic indicators,Neutral,-0.325
Financial markets trade in tight range as investors digest macroeconomic indicators,Neutral,0.06
Financial markets trade in tight range as investors digest macroeconomic indicators,Neutral,0.145
Financial markets trade in tight range as investors digest macroeconomic indicators,Neutral,0.064
Financial markets trade in tight range as investors digest macroeconomic indicators,Neutral,0.369
Financial markets trade in tight range as investors digest macroeconomic indicators,Neutral,-0.051
Financial markets trade in tight range as investors digest macroeconomic indicators,Neutral,0.117
Financial markets trade in tight range as investors digest macroeconomic indicators,Neutral,-0.323
Financial markets trade in tight range as investors digest macroeconomic indicators,Neutral,-0.147
Financial markets trade in tight range as investors digest macroeconomic indicators,Neutral,0.124
Financial markets trade in tight range as investors digest macroeconomic indicators,Neutral,0.162
Financial markets trade in tight range as investors digest macroeconomic indicators,Neutral,-0.123
Financial markets trade in tight range as investors digest macroeconomic indicators,Neutral,-0.068
Financial markets trade in tight range as investors digest macroeconomic indicators,Neutral,-0.429
Financial markets trade in tight range as investors digest macroeconomic indicators,Neutral,-0.139
Financial markets trade in tight range as investors digest macroeconomic indicators,Neutral,0.173
Financial markets trade in tight range as investors digest macroeconomic indicators,Neutral,0.094
Financial markets trade in tight range as investors digest macroeconomic indicators,Neutral,0.075
Financial markets trade in tight range as investors digest macroeconomic indicators,Neutral,-0.038
Financial markets trade in tight range as investors digest macroeconomic indicators,Neutral,-0.048
Financial markets trade in tight range as investors digest macroeconomic indicators,Neutral,-0.215
Financial markets trade in tight range as investors digest macroeconomic indicators,Neutral,0.125
Financial markets trade in tight range as investors digest macroeconomic indicators,Neutral,0.055
Financial markets trade in tight range as investors digest macroeconomic indicators,Neutral,0.073
Financial markets trade in tight range as investors digest macroeconomic indicators,Neutral,-0.182
Financial markets trade in tight range as investors digest macroeconomic indicators,Neutral,-0.588
Financial markets trade in tight range as investors digest macroeconomic indicators,Neutral,0.224
Financial markets trade in tight range as investors digest macroeconomic indicators,Neutral,-0.17
Financial markets trade in tight range as investors digest macroeconomic indicators,Neutral,-0.266
Financial markets trade in tight range as investors digest macroeconomic indicators,Neutral,0.123
Financial markets trade in tight range as investors digest macroeconomic indicators,Neutral,-0.148
Financial markets trade in tight range as investors digest macroeconomic indicators,Neutral,0.215
Financial markets trade in tight range as investors digest macroeconomic indicators,Neutral,0.104
Financial markets trade in tight range as investors digest macroeconomic indicators,Neutral,0.121
Financial markets trade in tight range as investors digest macroeconomic indicators,Neutral,-0.391
Financial markets trade in tight range as investors digest macroeconomic indicators,Neutral,0.253
Financial markets trade in tight range as investors digest macroeconomic indicators,Neutral,0.015
Financial markets trade in tight range as investors digest macroeconomic indicators,Neutral,-0.142
Financial markets trade in tight range as investors digest macroeconomic indicators,Neutral,-0.014
Financial markets trade in tight range as investors digest macroeconomic indicators,Neutral,-0.494
Financial markets trade in tight range as investors digest macroeconomic indicators,Neutral,0.052
Financial markets trade in tight range as investors digest macroeconomic indicators,Neutral,-0.307
Financial markets trade in tight range as investors digest macroeconomic indicators,Neutral,-0.388
Financial markets trade in tight range as investors digest macroeconomic indicators,Neutral,-0.431
Financial markets trade in tight range as investors digest macroeconomic indicators,Neutral,0.228
Financial markets trade in tight range as investors digest macroeconomic indicators,Neutral,-0.207
Financial markets trade in tight range as investors digest macroeconomic indicators,Neutral,0.333
Financial markets trade in tight range as investors digest macroeconomic indicators,Neutral,-0.184
Financial markets trade in tight range as investors digest macroeconomic indicators,Neutral,-0.477
Financial markets trade in tight range as investors digest macroeconomic indicators,Neutral,-0.329
Financial markets trade in tight range as investors digest macroeconomic indicators,Neutral,0.259
Financial markets trade in tight range as investors digest macroeconomic indicators,Neutral,-0.089
Financial markets trade in tight range as investors digest macroeconomic indicators,Neutral,-0.187
Financial markets trade in tight range as investors digest macroeconomic indicators,Neutral,-0.01
Financial markets trade in tight range as investors digest macroeconomic indicators,Neutral,0.075
Financial markets trade in tight range as investors digest macroeconomic indicators,Neutral,0.229
Financial markets trade in tight range as investors digest macroeconomic indicators,Neutral,0.312
Financial markets trade in tight range as investors digest macroeconomic indicators,Neutral,-0.14
Financial markets trade in tight range as investors digest macroeconomic indicators,Neutral,-0.382
Financial markets trade in tight range as investors digest macroeconomic indicators,Neutral,-0.153
Financial markets trade in tight range as investors digest macroeconomic indicators,Neutral,0.015
Financial markets trade in tight range as investors digest macroeconomic indicators,Neutral,-0.291
Financial markets trade in tight range as investors digest macroeconomic indicators,Neutral,-0.289
Financial markets trade in tight range as investors digest macroeconomic indicators,Neutral,0.036
Financial markets trade in tight range as investors digest macroeconomic indicators,Neutral,-0.062
Financial markets trade in tight range as investors digest macroeconomic indicators,Neutral,-0.042
Financial markets trade in tight range as investors digest macroeconomic indicators,Neutral,-0.24
Financial markets trade in tight range as investors digest macroeconomic indicators,Neutral,-0.108
Financial markets trade in tight range as investors digest macroeconomic indicators,Neutral,-0.281
Financial markets trade in tight range as investors digest macroeconomic indicators,Neutral,0.173
Financial markets trade in tight range as investors digest macroeconomic indicators,Neutral,0.209
Financial markets trade in tight range as investors digest macroeconomic indicators,Neutral,-0.512
Financial markets trade in tight range as investors digest macroeconomic indicators,Neutral,-0.282
Financial markets trade in tight range as investors digest macroeconomic indicators,Neutral,-0.424
Financial markets trade in tight range as investors digest macroeconomic indicators,Neutral,-0.213
Financial markets trade in tight range as investors digest macroeconomic indicators,Neutral,-0.071
Financial markets trade in tight range as investors digest macroeconomic indicators,Neutral,-0.412
Financial markets trade in tight range as investors digest macroeconomic indicators,Neutral,-0.28
Financial markets trade in tight range as investors digest macroeconomic indicators,Neutral,-0.301
Financial markets trade in tight range as investors digest macroeconomic indicators,Neutral,0.002
Financial markets trade in tight range as investors digest macroeconomic indicators,Neutral,-0.033
